8,0.15,66.20776282032712,241663.50467724426,0.3141263602203185
8.1,0.15,66.21698377606705,241629.85215558723,0.3151344942895214
8.2,0.15,66.2372730258875,241555.83811167348,0.3160924094164238
8.3,0.15,66.25176661582604,241502.9940677531,0.3170689292739652
8.4,0.15,66.27212820858136,241428.79416279576,0.3180171892890633
8.5,0.15,66.31014717914013,241290.37079008753,0.3188806739928187
8.6,0.15,66.3476039407485,241154.14950461127,0.31974929258514695
8.7,0.15,66.3750501110601,241054.43194737282,0.32066394321077474
8.8,0.15,66.41863475690194,240896.24935172804,0.3214804028792279
8.9,0.15,66.4642389928806,240730.95912094717,0.32229222975672395
9,0.15,66.51703073392267,240539.90118714434,0.32308537692963546
9.1,0.15,66.55871072926658,240389.27173757032,0.32391647737511764
9.2,0.15,66.62090640334993,240164.85010170116,0.3246343881116389
9.3,0.15,66.67932964010818,239954.42195291456,0.3253603332477483
9.4,0.15,66.74071927669537,239733.7063999384,0.3260853356075409
9.5,0.15,66.81011101563655,239484.70907727254,0.3267773530320988
9.6,0.15,66.8702725169001,239269.2507116122,0.32749218606569586
9.7,0.15,66.9399467435928,239020.20808720545,0.3281783276384689
9.8,0.15,67.02012790600809,238734.2504394962,0.32880480549055835
9.9,0.15,67.09953825468149,238451.71540928885,0.3294274092337458
10,0.15,67.18091884072143,238162.86344541132,0.33004962196158527
10.1,0.15,67.25147291787404,237913.0048131263,0.33071367498451987
10.2,0.15,67.33448389226439,237619.70204746953,0.3313143703645552
10.3,0.15,67.42876760121527,237287.4452433509,0.3318574823246963
10.4,0.15,68.4746189554619,233663.22068045262,0.32931829640614224
10.5,0.15,68.5477578390854,233413.90738935187,0.3299386281962733
10.6,0.15,68.6415597487674,233094.9363412056,0.33047135939378236
10.7,0.15,68.72672589845352,232806.0851267764,0.3310336264452209
10.8,0.15,68.80173403499523,232552.2782879539,0.3316428020203083
10.9,0.15,68.88888211047312,232258.08736947892,0.3321702912549748
11,0.15,68.99113205066793,231913.8637738167,0.33264462951457574
11.1,0.15,69.07859029109184,231620.24489175642,0.33319842642991954
11.2,0.15,69.17305288431288,231303.94471325254,0.3337017293635132
11.3,0.15,69.2739284934564,230967.12353351462,0.3341805387027424
11.4,0.15,69.37334781060987,230636.12330891404,0.3346471009513104
11.5,0.15,69.47412594124867,230301.5659891932,0.33511950778804817
11.6,0.15,69.5743482668757,229969.81500461412,0.3356033833680435
11.7,0.15,69.68497485398048,229604.73234763698,0.33601238508246173
11.8,0.15,69.78620816016912,229271.6630093694,0.3364776629640245
11.9,0.15,69.90148157783103,228893.57476901222,0.3368736680928655
12,0.15,70.01422076319298,228525.0028578669,0.3372914186159125
12.100000000000001,0.15,70.12695417326262,228157.63480143185,0.3376836401309189
12.2,0.15,70.23911727712391,227793.29553463822,0.33808737361156865
12.3,0.15,70.35337328167329,227423.35233793152,0.33848263016353225
12.4,0.15,70.4804576980183,227013.28173199238,0.3388185954579524
12.5,0.15,70.59535263489951,226643.81439877165,0.3392080086486094
12.600000000000001,0.15,70.71646760019074,226255.64515551177,0.3395527966929258
12.7,0.15,70.84233463557008,225853.65208964143,0.33989496563187854
12.8,0.15,70.96993949645763,225447.56432825507,0.34017633238465655
12.9,0.15,71.09623395162987,225047.08211247245,0.34051826326090373
13,0.15,71.22621100826028,224636.4052433512,0.34082943856451814
13.100000000000001,0.15,71.35506903438007,224230.7409483541,0.34113084773915864
13.2,0.15,71.4872065098586,223816.2712064219,0.34142668265027143
13.3,0.15,71.6259955155236,223382.58456082887,0.34170536877361934
13.4,0.15,71.75899195338432,222968.57250160136,0.3419984118990975
13.5,0.15,71.904950434885,222515.97286739148,0.3422328600434606
13.600000000000001,0.15,72.04806403360695,222073.975402542,0.34247612062127425
13.7,0.15,72.18602412242957,221649.55328282854,0.34273270723187776
13.8,0.15,72.34068845382187,221175.66672334724,0.34291995249258816
13.9,0.15,72.48754086078499,220727.58725156085,0.34314366331276314
14,0.15,72.6225775780986,220317.15939569258,0.3434655700339381
14.100000000000001,0.15,72.77742547565518,219848.39248472961,0.3436498739040102
14.2,0.15,72.92781456941964,219395.0291047002,0.3438547606811041
14.3,0.15,73.08010290476408,218937.84168381302,0.34403056578658037
14.4,0.15,73.23615403116386,218471.33033763064,0.3441949134471136
14.5,0.15,73.3888774177664,218016.68812727512,0.34440241254434495
14.600000000000001,0.15,73.54243861897758,217561.45567725584,0.344591166332453
14.7,0.15,73.70937949442542,217068.7110615287,0.3447306042395604
14.8,0.15,73.86044000921471,216624.75877484435,0.34493029294344874
14.9,0.15,74.02069222584032,216155.7737285584,0.3450706725707243
15,0.15,74.1894006135965,215664.23057295493,0.3451879201572524
15.100000000000001,0.15,74.34801510643217,215204.13123464503,0.3453706705567872
15.2,0.15,74.50852245688029,214740.53534291396,0.34554447611914607
15.3,0.15,74.6708270021668,214273.7752125835,0.34569093502171605
15.4,0.15,74.84543359779889,213773.89682823003,0.34576623978097204
15.5,0.15,75.0223557913342,213269.7624758959,0.3458598331188105
15.600000000000001,0.15,75.19749846535284,212773.03536063747,0.34593033148311486
15.7,0.15,75.37332825854878,212276.6815486258,0.34603449749853543
15.8,0.15,75.53876184454384,211811.78522527873,0.34616698575317917
15.9,0.15,75.70099044298574,211357.86871970203,0.3463142067726085
16,0.15,75.87969915653409,210860.08745228694,0.34638232177258604
16.1,0.15,76.0659201430168,210343.86976345378,0.34642053628241276
16.200000000000003,0.15,76.25385681082663,209825.4523662113,0.34645146569938995
16.3,0.15,76.4303263463618,209340.9876008154,0.3465298876643837
16.4,0.15,76.5997872389385,208877.86476600822,0.3466632986986343
16.5,0.15,76.7822520547984,208381.4888443364,0.34670508036215697
16.6,0.15,76.96140207722024,207896.42038935554,0.34679306148836264
16.700000000000003,0.15,77.16181633356659,207356.44597624318,0.34677043135715424
16.8,0.15,77.36064459837769,206823.50933171427,0.3467558092895078
16.9,0.15,77.54886943322255,206321.51205992274,0.3467894683674396
17,0.15,77.72903374420854,205843.2895570651,0.34685973889640787
17.1,0.15,77.90902903326196,205367.72436438742,0.3469576617309841
17.200000000000003,0.15,78.11638798444602,204822.57837095344,0.3468892501429954
17.3,0.15,78.30352584412013,204333.07220228386,0.3469304560112125
17.4,0.15,78.5069674005884,203803.56711982843,0.3469002694105218
17.5,0.15,78.70047542530536,203302.45673275003,0.34693092485003435
17.6,0.15,78.89896519594215,202790.9993529661,0.3469242794132877
17.700000000000003,0.15,79.09964357520548,202276.51196414937,0.34690457189229357
17.8,0.15,79.30052679294054,201764.10734038585,0.34687305766085585
17.9,0.15,79.50282424407861,201250.7121870162,0.34687488626151064
18,0.15,79.71165432690074,200723.47180731373,0.346827170732295
18.1,0.15,79.91942431377679,200201.64230890066,0.34678524577059117
18.200000000000003,0.15,80.11201221982209,199720.36098777613,0.3467907567537938
18.3,0.15,80.32009360007031,199202.9551119198,0.34676676553407976
18.4,0.15,80.5530776481944,198626.79946107112,0.34661984396491347
18.5,0.15,80.76150086416408,198114.1983345632,0.34658012512813136
18.6,0.15,80.9642609501638,197618.05779773043,0.3465829276840452
18.700000000000003,0.15,81.17960485232288,197093.8393837498,0.34653892550607945
18.8,0.15,81.39484684793766,196572.640893241,0.34647352036010853
18.9,0.15,81.6011272217137,196075.7227841636,0.3464416906144373
19,0.15,81.82741572420652,195533.48787070168,0.34633221933603314
19.1,0.15,82.04660003657062,195011.12773555907,0.3462543758956526
19.200000000000003,0.15,82.26725572519462,194488.07255035188,0.34613360371149976
19.3,0.15,82.50071526998575,193937.71251121376,0.3459992168838141
19.4,0.15,82.7084134826218,193450.6941468757,0.34597439542034975
19.5,0.15,82.9565717439134,192872.00114045135,0.34578801524746733
19.6,0.15,83.16845445020537,192380.63404892923,0.345748585914301
19.700000000000003,0.15,83.39770452823758,191851.8032421692,0.3456625278265287
19.8,0.15,83.62352021155088,191333.7295478973,0.3455864862237722
19.9,0.15,83.85851509169508,190797.5592282406,0.34545093124037307
20,0.15,84.09623290475758,190258.2249804299,0.3453110041996561
20.1,0.15,84.32604136929686,189739.72618884972,0.34520538050701355
20.200000000000003,0.15,84.7893715900605,188702.89636485066,0.344494369685322
20.3,0.15,85.0361954015576,188155.17232920474,0.3442949426114564
20.4,0.15,85.26846045643765,187642.65139012513,0.344178192515707
20.5,0.15,85.49771037604434,187139.51437561598,0.344075295122673
20.6,0.15,85.7329765496187,186625.97105490512,0.3439246309046744
20.700000000000003,0.15,85.97434507390042,186102.02829980248,0.34377635402538165
20.8,0.15,86.20144094634186,185611.74644353776,0.34366780743142483
20.9,0.15,86.44421370047291,185090.46835036998,0.3435177539966781
21,0.15,86.68066486320171,184585.57078733752,0.34339470655544246
21.1,0.15,86.92959423923624,184056.99623958784,0.3432241853237778
21.200000000000003,0.15,87.18493359359833,183517.946742748,0.3430499900710749
21.3,0.15,87.42434062044283,183015.39235468535,0.34292095531800476
21.4,0.15,87.67272479983521,182496.8944050667,0.34275867734994614
21.5,0.15,87.92227717646527,181978.90812003246,0.34257100728804896
21.6,0.15,88.17242610795752,181462.6262002788,0.34240627629587955
21.700000000000003,0.15,88.42185750806621,180950.73379950668,0.34227290426217055
21.8,0.15,88.69376138083167,180396.00250235738,0.34202834837073637
21.9,0.15,88.93690911903647,179902.81153783976,0.34189698639513894
22,0.15,89.19311893883673,179386.03549643594,0.3417174859349326
22.1,0.15,89.43501952782032,178900.83867005722,0.3415948615778389
22.200000000000003,0.15,89.7045224867141,178363.35957721327,0.341369036105219
22.3,0.15,89.97780117983321,177821.6381174037,0.3411314642324983
22.4,0.15,90.23591166804124,177312.99772157898,0.34094709730225214
22.5,0.15,90.49269482630022,176809.85222853438,0.3407835863161042
22.6,0.15,90.7742875635966,176261.3668412476,0.3405168648016254
22.700000000000003,0.15,91.04976726624466,175728.0713657767,0.34030191060345405
22.8,0.15,91.31710779454356,175213.608779625,0.34007867829248317
22.9,0.15,91.59114601882028,174689.37441521144,0.33985020374916874
8,0.25,66.60374767476578,240226.72234796683,0.3131962362358822
8.1,0.25,66.58704122491318,240286.99437111625,0.3142933419011106
8.2,0.25,66.57507464194846,240330.18492357078,0.315361549494002
8.3,0.25,66.57281834185895,240338.33024520896,0.3163800258330301
8.4,0.25,66.56848697910762,240353.9681624665,0.31740825069715706
8.5,0.25,66.57884461228123,240316.57643167657,0.318374395745043
8.6,0.25,66.58040506260025,240310.94411270818,0.3193704196153638
8.7,0.25,66.60158292071331,240234.53044723277,0.32027571461172544
8.8,0.25,66.61272387030999,240194.35132469295,0.32121112600811214
8.9,0.25,66.63377818626219,240118.45696750094,0.3221071336819833
9,0.25,66.66218024298293,240016.15221224647,0.3229811474774829
9.1,0.25,66.68283663746664,239941.8022209659,0.32387699985743856
9.2,0.25,66.71967801588153,239809.3107732244,0.3246811828325724
9.3,0.25,66.75097949621694,239696.8571960324,0.3255018913059096
9.4,0.25,66.7849690967785,239574.8656679665,0.3263233390756566
9.5,0.25,66.83154221537642,239407.9123363214,0.32708946821236334
9.6,0.25,66.87388754103483,239256.31645359567,0.3278627522595428
9.7,0.25,66.91402228698054,239112.8115326751,0.3286473544067325
9.8,0.25,66.96427116396808,238933.38524991262,0.32938293071389346
9.9,0.25,67.02047903725594,238732.99967172387,0.33008159918885904
10,0.25,67.069210644129,238559.53941215176,0.3308263507840829
10.1,0.25,67.13080536050533,238340.653207971,0.331496281403613
10.2,0.25,67.19306035221197,238119.8283889935,0.33216071856187623
10.3,0.25,67.25363289401534,237905.3637922329,0.3328312960971084
10.4,0.25,67.3173624992008,237680.13787215675,0.33349345093879257
10.5,0.25,67.38505821351974,237441.36199009552,0.33411166550892607
10.6,0.25,67.45369480564811,237199.7567531359,0.3347365357295079
10.7,0.25,67.5251299230186,236948.82213837505,0.33534346956593875
10.8,0.25,67.59353709721402,236709.02111526675,0.3359748523865415
10.9,0.25,67.67261079536893,236432.4327368043,0.3365412182988932
11,0.25,67.74551638126582,236177.99161723716,0.3371144551308391
11.1,0.25,67.82466009859876,235902.398578044,0.3376769977769745
11.2,0.25,67.91442467379215,235590.59915255857,0.33818475283000576
11.3,0.25,67.98813408344532,235335.1833477645,0.33878078187517063
11.4,0.25,68.07518704691398,235034.24219714018,0.3392935577644839
11.5,0.25,68.16787389845258,234714.6696086586,0.3397847905081043
11.6,0.25,68.25550834806373,234413.3153094286,0.3402817410476054
11.7,0.25,68.34416803005607,234109.22191581287,0.3407862163961308
11.8,0.25,68.44213804891017,233774.11133132732,0.34125324733442985
11.9,0.25,68.53696450927482,233450.66584959108,0.34171094925599377
12,0.25,68.62963613643743,233135.433913588,0.34219057892841703
12.100000000000001,0.25,68.73270111961995,232785.84632014055,0.34261682389502923
12.2,0.25,68.92869805804793,232123.92589405485,0.34273364796231826
12.3,0.25,69.01873317889986,231821.11961584736,0.3432089975190431
12.4,0.25,69.12165574911268,231475.93654403155,0.3436238927993359
12.5,0.25,69.22058789152096,231145.10418597423,0.3440571508643304
12.600000000000001,0.25,69.32496251902147,230797.0955715973,0.3444657455423598
12.7,0.25,69.42688542817163,230458.27133572687,0.3448812090564855
12.8,0.25,69.53851559810406,230088.31670309964,0.3452333976384501
12.9,0.25,69.64440897870756,229738.47053381833,0.34563455501857987
13,0.25,69.75919544506071,229360.443421411,0.34593812348668457
13.100000000000001,0.25,69.86784353215934,229003.77614539355,0.34632726175419304
13.2,0.25,69.9742696885611,228655.47680900723,0.34671393544831214
13.3,0.25,70.08924043978118,228280.40223587208,0.3470426912110229
13.4,0.25,70.21157898491506,227882.6403183098,0.34734854392019765
13.5,0.25,70.33012477525524,227498.52998454223,0.3476813276839383
13.600000000000001,0.25,70.45065609997974,227109.31147743564,0.34799393511976123
13.7,0.25,70.57273432623165,226716.4529297946,0.34831482057114244
13.8,0.25,70.70060999626293,226306.39255935306,0.3485764083435091
13.9,0.25,70.82797742495266,225899.43383535344,0.3488417583093892
14,0.25,70.95348665752611,225499.8415684321,0.34912629234650555
14.100000000000001,0.25,70.97235835559789,225439.88069036754,0.3497574720646021
14.2,0.25,71.10756483595637,225011.22119582718,0.3500441460482866
14.3,0.25,71.24584562285858,224574.49778470374,0.3502705734982013
14.4,0.25,71.3797893561432,224153.08512847245,0.35051770995793763
14.5,0.25,71.52034954027667,223712.55318026102,0.3507317806489193
14.600000000000001,0.25,71.66003693673288,223276.4687817013,0.35092959160064957
14.7,0.25,71.80478800900892,222826.3663697827,0.35110889524534306
14.8,0.25,71.94391821112886,222395.4490919705,0.3513436706619505
14.9,0.25,72.08970587740315,221945.69675745166,0.3515307871181201
15,0.25,72.24117020635559,221480.3546827424,0.35170380861069284
15.100000000000001,0.25,72.37937901838748,221057.43675882203,0.3519269593843531
15.2,0.25,72.51956754400958,220630.10773320126,0.35212361179787754
15.3,0.25,72.67346324727387,220162.89419921365,0.35227018975951063
15.4,0.25,72.82813551772927,219695.3126186371,0.352431905335306
15.5,0.25,72.97001648472987,219268.1428727408,0.3526553262758029
15.600000000000001,0.25,73.13195817621276,218782.60064427255,0.35276234480666685
15.7,0.25,73.28064425317805,218338.69179317576,0.35291867104422064
15.8,0.25,73.44250990367829,217857.47819599856,0.35302618399953917
15.9,0.25,73.59352043535986,217410.44463355222,0.3532004629018051
16,0.25,73.75372234604927,216938.20313134426,0.35331864683276876
16.1,0.25,73.91776112354529,216456.7724563219,0.3534159204232028
16.200000000000003,0.25,74.17555172828119,215704.49598556364,0.3532281260591907
16.3,0.25,74.3223517508296,215278.44077971342,0.3533981421138282
16.4,0.25,74.48040416600676,214821.6054834794,0.3535186956188572
16.5,0.25,74.64578230514267,214345.66704109267,0.3536046180407205
16.6,0.25,74.81397762102563,213863.77932007427,0.3536774416163
16.700000000000003,0.25,74.9735254209901,213408.6653943117,0.35378877266963904
16.8,0.25,75.1282684930668,212969.10365339456,0.3539255023066549
16.9,0.25,75.29436989582686,212499.28808935804,0.35402474801910017
17,0.25,75.47780956827462,211982.83431273868,0.3540271237952817
17.1,0.25,75.64314585658825,211519.4948440455,0.35411488364559
17.200000000000003,0.25,75.81614310148197,211036.84974562164,0.3541671496891312
17.3,0.25,75.97298190459892,210601.1847750241,0.35429520815687904
17.4,0.25,76.14491433223874,210125.65501338826,0.35435318967098267
17.5,0.25,76.32647230348273,209625.82859040282,0.35439384498379817
17.6,0.25,76.50983240148916,209123.44855285008,0.354380687172083
17.700000000000003,0.25,76.67581317977128,208670.7572632714,0.35446784107788226
17.8,0.25,76.85190514383567,208192.62671568745,0.3545252582201069
17.9,0.25,77.02921210763114,207713.40589130743,0.3545609575222219
18,0.25,77.2012258077004,207250.5952153429,0.3546215802809918
18.1,0.25,77.386373716961,206754.74546099882,0.35461803639982037
18.200000000000003,0.25,77.56404187183722,206281.1531461649,0.3546373149603869
18.3,0.25,77.74188154727597,205809.27141916635,0.35469583682407446
18.4,0.25,77.93823460675762,205290.76749979044,0.354648104764467
18.5,0.25,78.11629894516473,204822.81183382118,0.35468446307389534
18.6,0.25,77.89215642935575,205412.21007934466,0.3558842130487155
18.700000000000003,0.25,78.08427847327076,204906.80470943975,0.3558420070389911
18.8,0.25,78.26711905983602,204428.11990777167,0.3558805405903686
18.9,0.25,78.47070457439737,203897.74867932455,0.3558084774113685
19,0.25,78.67116005369758,203378.2136818509,0.3557519078781067
19.1,0.25,78.85847633973864,202895.1197467814,0.35577341387611516
19.200000000000003,0.25,79.05600171673228,202388.1761353178,0.35575594485304074
19.3,0.25,79.26917371406928,201843.91044258105,0.3556456306876863
19.4,0.25,79.46441418332692,201347.98908965077,0.35561713931211564
19.5,0.25,79.66617455022352,200838.0606993148,0.35555475525684843
19.6,0.25,79.86853509118758,200329.20325548056,0.3554970094452873
19.700000000000003,0.25,80.07665080160429,199808.55642478308,0.35537571583241073
19.8,0.25,80.27342794788665,199318.75851106257,0.3553457737729721
19.9,0.25,80.48274750802365,198800.37020859527,0.35526166074099985
20,0.25,80.68213740595995,198309.0745290306,0.35522890640492755
20.1,0.25,80.89473208268052,197787.9101403883,0.3551332180770245
20.200000000000003,0.25,81.10499955056784,197275.13826104175,0.35507405948742615
20.3,0.25,81.31685166298017,196761.18384799772,0.35498463036557587
20.4,0.25,81.52580461663284,196256.87934315327,0.3549280723819016
20.5,0.25,81.74792627136837,195723.61929875505,0.35479201190667736
20.6,0.25,81.96278255304985,195210.55168721377,0.3546942566901783
20.700000000000003,0.25,82.18334611190059,194686.64585905822,0.3545735077090016
20.8,0.25,82.39756841864488,194180.48744724278,0.35450094571112084
20.9,0.25,82.61956815656697,193658.72222521718,0.3543552242339552
21,0.25,82.84560404936184,193130.34389207582,0.3542165014223295
21.1,0.25,83.07194925792655,192604.1238098589,0.3540783694658964
21.200000000000003,0.25,83.28921284472489,192101.70745434484,0.3539547547827755
21.3,0.25,83.51690689639011,191577.9761797138,0.35381433914142296
21.4,0.25,83.74328840093656,191060.0873875053,0.35366173511997734
21.5,0.25,83.9712650245478,190541.3714479903,0.3535241039852369
21.6,0.25,84.2019961079939,190019.24823111176,0.3533768497027249
21.700000000000003,0.25,84.43326430059561,189498.7731735386,0.3532293523659597
21.8,0.25,84.67945724008084,188947.83364797966,0.3530216363399775
21.9,0.25,84.9009497380907,188454.9000848411,0.35293885436866096
22,0.25,85.1369368125741,187932.53080297477,0.3527777247914358
22.1,0.25,85.37329760600126,187412.22898335475,0.35261716849216646
22.200000000000003,0.25,85.61315621513099,186887.16439556066,0.3524209300091673
22.3,0.25,85.87304263715255,186321.5685463284,0.3521683895017862
22.4,0.25,86.09567357317107,185839.76796931503,0.3520980671788853
22.5,0.25,86.32762856254251,185340.43233225553,0.351964215057768
22.6,0.25,86.57552146569795,184809.74447655337,0.3517675726305768
22.700000000000003,0.25,86.81208526805136,184306.13607076122,0.35161920236178545
22.8,0.25,87.0596449782176,183782.04969711526,0.3514285217506683
22.9,0.25,87.31398842006203,183246.69723051728,0.3512129151541589
8,0.35,65.83893792752727,243017.28587438827,0.3157801002471838
8.1,0.35,65.81450924498546,243107.4877492773,0.3169073152841818
8.2,0.35,65.79518516071302,243178.88856027968,0.318010909951622
8.3,0.35,65.78778204326372,243206.25354838674,0.3190503087665035
8.4,0.35,65.78073460031999,243232.30953888086,0.32008425102864924
8.5,0.35,65.77925984369789,243237.76275407439,0.3210986394581081
8.6,0.35,65.77822842532848,243241.57678042696,0.32210396343490516
8.7,0.35,65.8460797222371,242990.92774382108,0.32285680457339744
8.8,0.35,65.85127816315114,242971.74551963722,0.3238234248918292
8.9,0.35,65.85779849445981,242947.68980694027,0.3247654006072538
9,0.35,65.8706715374603,242900.21076983988,0.3256847052905584
9.1,0.35,65.88683359962425,242840.62726746738,0.32660170716854264
9.2,0.35,65.91012268894146,242754.82046226738,0.3274675693249608
9.3,0.35,65.9330705770559,242670.33007814825,0.32832195036890055
9.4,0.35,65.96140324790267,242566.09490048623,0.3291392210970774
9.5,0.35,65.98486956341212,242479.83069245654,0.3299948265287812
9.6,0.35,66.01971280708587,242351.85703932247,0.33079999292655804
9.7,0.35,66.05648728238562,242216.93671965058,0.33157304355981415
9.8,0.35,66.09607397997523,242071.86655061287,0.33235016156041697
9.9,0.35,66.13728113229513,241921.0425054369,0.33311104088013627
10,0.35,66.18415230410865,241749.71564917566,0.3338357435011623
10.1,0.35,66.16490654454759,241820.034752524,0.33480344704296006
10.2,0.35,66.22025071316972,241617.93148901445,0.3354902238270883
10.3,0.35,66.27561163017964,241416.10475480166,0.33617472246896696
10.4,0.35,66.3340864104603,241203.29178871363,0.3368413065781779
10.5,0.35,66.39709211609382,240974.40851813753,0.33749235809605077
10.6,0.35,66.46152924227573,240740.77413527988,0.33812102744603284
10.7,0.35,66.52351279822652,240516.46293138253,0.3387570800083607
10.8,0.35,66.58567017269175,240291.94207257451,0.33939251147932165
10.9,0.35,66.64797759463956,240067.29952578287,0.3400296692000418
11,0.35,66.72608761553825,239786.27508012534,0.3405941331952932
11.1,0.35,66.79904282066508,239524.3902364752,0.3411728691126157
11.2,0.35,66.86820659869704,239276.643024426,0.34174704947943463
11.3,0.35,66.95230769075387,238976.07941913558,0.3422654846111087
11.4,0.35,67.02407179209922,238720.20264047993,0.34285563498230276
11.5,0.35,67.10925128173857,238417.20320837258,0.34336469613709564
11.6,0.35,67.24472992069505,237936.86165249784,0.3437026618463334
11.7,0.35,67.32369165740272,237657.793357811,0.3442348915633108
11.8,0.35,67.39877346908334,237393.0440639161,0.3447745673167733
11.9,0.35,67.48565191550864,237087.43334111728,0.34527407167411467
12,0.35,67.5763193073704,236769.33227487747,0.3457284451244402
12.100000000000001,0.35,67.66244383456886,236467.95908109916,0.34621763133190986
12.2,0.35,67.7537571815974,236149.2655988938,0.34667867346141606
12.3,0.35,67.84554878372954,235829.7675651945,0.3471357085286242
12.4,0.35,67.94210062078727,235494.6322502238,0.3475782606976881
12.5,0.35,68.03654756464759,235167.7234180199,0.34800528787471346
12.600000000000001,0.35,68.13492369632611,234828.1781500363,0.3484212907839989
12.7,0.35,68.23436852339694,234485.93936226942,0.34883352720143374
12.8,0.35,68.33718867032937,234133.13177378158,0.34923103729702804
12.9,0.35,68.43151232787437,233810.4106678157,0.3496666396359912
13,0.35,68.5348243912479,233457.95574903738,0.3500410314450134
13.100000000000001,0.35,68.63960411741812,233101.5775182743,0.35042887707160253
13.2,0.35,68.74877395575274,232731.423113054,0.3507728676023521
13.3,0.35,68.64500032178906,233083.25333230913,0.35179451819659713
13.4,0.35,68.7534939180522,232715.44598257827,0.3521700255393847
13.5,0.35,68.87084265080605,232318.92313448756,0.3524866980940717
13.600000000000001,0.35,68.98672065577496,231928.6936370793,0.352795334181244
13.7,0.35,69.10729198223189,231524.04820194293,0.35309049840089785
13.8,0.35,69.23064619467289,231111.52183974785,0.35338666581534395
13.9,0.35,69.3529755932799,230703.87194100945,0.3536743819309935
14,0.35,69.47863418270288,230286.6224734063,0.35396147013689744
14.100000000000001,0.35,69.60485913781744,229869.00912075752,0.35421472270768517
14.2,0.35,69.72957373166498,229457.87768001543,0.3544770948817699
14.3,0.35,69.85086089530398,229059.4531681093,0.35476718721847605
14.4,0.35,69.9808921033866,228633.83873932794,0.3550121800341342
14.5,0.35,70.10743416542653,228221.16071522696,0.35531886087800757
14.600000000000001,0.35,70.24467285057267,227775.27961495175,0.3555257413010908
14.7,0.35,70.38186550241929,227331.28606046992,0.35573236836462707
14.8,0.35,70.50391598186552,226937.74916155575,0.35599899831522325
14.9,0.35,70.64408698983645,226487.4624581377,0.3561853314783837
15,0.35,70.79303528582801,226010.9336377476,0.3563142050581931
15.100000000000001,0.35,70.92638765023234,225585.998809113,0.3565574953403182
15.2,0.35,71.0605105553903,225160.217326729,0.3567778304277764
15.3,0.35,71.20943141585414,224689.33794123432,0.35693764907343134
15.4,0.35,71.34753717357495,224254.41204894084,0.35713718945344014
15.5,0.35,71.49004185644061,223807.3944918042,0.35729775036120287
15.600000000000001,0.35,71.63843061601764,223343.8094946563,0.3574456816504574
15.7,0.35,71.78873110632516,222876.2056861355,0.3576032847338083
15.8,0.35,71.93053487607371,222436.82780290415,0.3578030960006344
15.9,0.35,72.08355654961296,221964.63057407105,0.3579274194304518
16,0.35,72.23677574831017,221493.82823712597,0.35803599917953205
16.1,0.35,72.37029483641267,221085.18469030331,0.35825702379258806
16.200000000000003,0.35,72.52743126214985,220606.1861224358,0.35837588953571586
16.3,0.35,72.6773048147984,220151.25685758938,0.3585185601429001
16.4,0.35,72.83539947779649,219673.40214667897,0.35861808951235313
16.5,0.35,72.99725980433675,219186.30977226686,0.35869930197847355
16.6,0.35,73.15133522672075,218724.64734116723,0.3588148927726814
16.700000000000003,0.35,73.3072134372385,218259.557958758,0.3589259540619347
16.8,0.35,73.46727034955231,217784.05436697294,0.35901678459556435
16.9,0.35,73.62674875427032,217312.32562502642,0.35911071735427397
17,0.35,73.79394879777185,216819.9460886298,0.35918317178075204
17.1,0.35,73.95725364395173,216341.1864511344,0.3592566444751688
17.200000000000003,0.35,74.11780637987968,215872.55183989668,0.3593305812297314
17.3,0.35,74.28544609694875,215385.39297615114,0.35940242581643206
17.4,0.35,74.45225121433437,214902.83690601826,0.35946278732068243
17.5,0.35,74.62383630385091,214408.70360579857,0.359500603099611
17.6,0.35,74.78773644216862,213938.8188646728,0.3595759557951335
17.700000000000003,0.35,74.96308545209845,213438.38642052733,0.35959682803635407
17.8,0.35,75.13588237742799,212947.52245841268,0.35965800054265706
17.9,0.35,75.31278240217819,212447.33615813468,0.3596726321556181
18,0.35,75.47977091277266,211977.32593134415,0.35971608222138657
18.1,0.35,75.6540716614052,211488.94763535078,0.3597447146689933
18.200000000000003,0.35,75.8346653726667,210985.30495747298,0.35976087758916697
18.3,0.35,76.3022915900349,209692.26043650837,0.35890365427947524
18.4,0.35,76.47596867540983,209216.0488729404,0.35891178812967445
18.5,0.35,76.64192261934511,208763.03011690703,0.3589785209307737
18.6,0.35,76.82261486687447,208272.00463986184,0.3589996929656811
18.700000000000003,0.35,76.99443529723119,207807.22578499618,0.359040145476234
18.8,0.35,77.16877898812648,207337.73696823465,0.3590695077172841
18.9,0.35,77.36313491429658,206816.85169202246,0.35898652012686766
19,0.35,77.547860488473,206324.1964280665,0.35898715484027566
19.1,0.35,77.73182205643117,205835.905768225,0.35897472566616073
19.200000000000003,0.35,77.90182973779682,205386.7034170192,0.3590275262225062
19.3,0.35,78.08668320332187,204900.4944714997,0.3590304690787435
19.4,0.35,78.28897646846836,204371.04585783102,0.3589364756460997
19.5,0.35,78.47383787030846,203889.60746946975,0.3589474312863147
19.6,0.35,78.65270043139618,203425.94611809668,0.3589627655221583
19.700000000000003,0.35,78.84835731594866,202921.15834306265,0.35889646340638826
19.8,0.35,79.0492956302623,202405.3455812799,0.3588134923806826
19.9,0.35,79.2466389250227,201901.30732406225,0.35874815138618404
20,0.35,79.43529868854768,201421.78935756616,0.3586837877252145
20.1,0.35,79.62045900281085,200953.37555684213,0.3586761242527703
20.200000000000003,0.35,79.82202239918247,200445.93608497534,0.35859575815650335
20.3,0.35,80.03148672580008,199921.31415499514,0.35848754856442017
20.4,0.35,80.22646286005897,199435.44099543814,0.35843939489941634
20.5,0.35,80.41688027080666,198963.20208045177,0.35843773438910304
20.6,0.35,80.61974748429562,198462.5417378879,0.3583567886497306
20.700000000000003,0.35,80.83067258975868,197944.6599585417,0.3582552807357408
20.8,0.35,81.04033858738842,197432.54136021016,0.35814711432602503
20.9,0.35,81.24584215844537,196933.1546689719,0.3580588704755282
21,0.35,81.44094721435557,196461.36921624216,0.35801780738717703
21.1,0.35,81.6450703708731,195970.19057390638,0.357957741964313
21.200000000000003,0.35,81.86028342585013,195454.9792695619,0.3578088873991496
21.3,0.35,82.06624497189529,194964.44616759813,0.3577246854342099
21.4,0.35,82.29289013100166,194427.48911272502,0.3575520767012559
21.5,0.35,82.49593517715275,193948.94991664027,0.35745744412759484
21.6,0.35,82.71634230867166,193432.150811178,0.35731521603643035
21.700000000000003,0.35,82.93366098688809,192925.28280561036,0.35716826842972416
21.8,0.35,83.13791096060623,192451.31150314063,0.35709917321163576
21.9,0.35,83.34736892198464,191967.66744942396,0.3570092052052432
22,0.35,83.55807570982688,191483.58628510532,0.3569154587977893
22.1,0.35,83.78589945801654,190962.9198170425,0.3567503992057924
22.200000000000003,0.35,84.00332647755279,190468.6477418902,0.35665157761118843
22.3,0.35,84.23265654453476,189950.08178972272,0.3564838628817801
22.4,0.35,84.46441022471983,189428.89623489435,0.3563079653045741
22.5,0.35,84.68330228205483,188939.25447910346,0.356164570614068
22.6,0.35,84.90386207037427,188448.4357936283,0.3560398664878028
22.700000000000003,0.35,85.13150492606607,187944.52199447757,0.35591482690632215
22.8,0.35,85.36525384992764,187429.88837271012,0.35573872518215655
22.9,0.35,85.59907810678182,186917.9009152478,0.35556443717068426
8,0.45000000000000007,65.16405265039155,245534.14573278322,0.3179994169887409
8.1,0.45000000000000007,65.14102412795569,245620.9464648791,0.319115674318705
8.2,0.45000000000000007,65.12103008402255,245696.35921538656,0.3202178434199648
8.3,0.45000000000000007,65.10389509435745,245761.0251554168,0.3212995267112975
8.4,0.45000000000000007,65.09103534857812,245809.5790659368,0.3223682771697579
8.5,0.45000000000000007,65.08776643151768,245821.92441392894,0.3233784975791854
8.6,0.45000000000000007,65.08342601760914,245838.31827892706,0.3244017705650699
8.7,0.45000000000000007,65.09112426581581,245809.24327962162,0.3253580252948453
8.8,0.45000000000000007,65.09650593015307,245788.9217152085,0.3263211168179655
8.9,0.45000000000000007,65.1091886805745,245741.04399451133,0.3272534119147539
9,0.45000000000000007,65.15638653421304,245563.03458600395,0.32804738800776884
9.1,0.45000000000000007,65.17313225151867,245499.93911988428,0.3289427905578424
9.2,0.45000000000000007,65.18514196473346,245454.70820108574,0.32987636298195294
9.3,0.45000000000000007,65.20621551006333,245375.38139336894,0.33074820217284456
9.4,0.45000000000000007,65.23190317701818,245278.75503771828,0.33158333039382715
9.5,0.45000000000000007,65.26126416799218,245168.4043204193,0.3323895426634797
9.6,0.45000000000000007,65.29076869490311,245057.61411335677,0.33320914068579854
9.7,0.45000000000000007,65.3273881035937,244920.24653775847,0.33399897359301206
9.8,0.45000000000000007,65.36174723787175,244791.4977206931,0.3347776693829387
9.9,0.45000000000000007,65.4020424487006,244640.67788937813,0.3355445578426467
10,0.45000000000000007,65.43664181238614,244511.32510549232,0.3363325823956361
10.1,0.45000000000000007,65.48316094764999,244337.62464202175,0.33705416648231257
10.2,0.45000000000000007,65.52802785102415,244170.32718236969,0.3377797254097546
10.3,0.45000000000000007,65.58234267435765,243968.10707794243,0.3384661510891988
10.4,0.45000000000000007,65.49675554190088,244286.90959759316,0.3396262746501611
10.5,0.45000000000000007,65.55896504831448,244055.10349665533,0.3402641974115484
10.6,0.45000000000000007,65.61645939567528,243841.25793069755,0.3409245266730878
10.7,0.45000000000000007,65.67890614510242,243609.41646396616,0.3415667214417111
10.8,0.45000000000000007,65.74666689882905,243358.34430391423,0.34215643361197884
10.9,0.45000000000000007,65.80661924433336,243136.63555019608,0.3427986182987119
11,0.45000000000000007,65.8751722149959,242883.61551118255,0.3433919639750231
11.1,0.45000000000000007,65.9371871181026,242655.17986598052,0.34402935504720933
11.2,0.45000000000000007,66.00890945885955,242391.52155622412,0.34460391524262995
11.3,0.45000000000000007,66.08155004135007,242125.0710673117,0.34517182158317294
11.4,0.45000000000000007,66.15920889094498,241840.86037627747,0.34568953461989765
11.5,0.45000000000000007,66.23454887030539,241565.7730428538,0.3462401492019356
11.6,0.45000000000000007,66.31609382815155,241268.7339737117,0.3467671095672349
11.7,0.45000000000000007,66.4005957516426,240961.69347402573,0.34727687013449293
11.8,0.45000000000000007,66.48171446256889,240667.68026881223,0.34778018242065223
11.9,0.45000000000000007,66.56760743896804,240357.14389569234,0.3482651291987879
12,0.45000000000000007,66.6557900085535,240039.1623585412,0.3487293066258202
12.100000000000001,0.45000000000000007,66.74343516128215,239723.95129703474,0.3492167754436165
12.2,0.45000000000000007,66.833829428865,239399.71922497274,0.34966400856729685
12.3,0.45000000000000007,66.92612267814793,239069.57940690868,0.35011310836347664
12.4,0.45000000000000007,67.02077919458246,238731.93048900482,0.3505483653751675
12.5,0.45000000000000007,67.10259977646254,238440.8361717796,0.3510493172203955
12.600000000000001,0.45000000000000007,67.2015333026052,238089.80559941672,0.3514592375569623
12.7,0.45000000000000007,67.2987574324838,237745.84569487328,0.35187490134419
12.8,0.45000000000000007,67.40598588472692,237367.64309570516,0.35223595352852477
12.9,0.45000000000000007,67.5010240341106,237033.4410321634,0.3526625599919566
13,0.45000000000000007,67.60779373581273,236659.10564279498,0.3530305581520844
13.100000000000001,0.45000000000000007,67.70772185697203,236309.82643012147,0.35342903926765
13.2,0.45000000000000007,67.82126414092271,235914.21072238247,0.3537411785294286
13.3,0.45000000000000007,67.92806664774827,235543.28556074665,0.35410979581933755
13.4,0.45000000000000007,68.0394343502086,235157.7456926778,0.35443308678257507
13.5,0.45000000000000007,68.14610839933644,234789.63620695614,0.3547589138747512
13.600000000000001,0.45000000000000007,68.25475690629955,234415.89605197593,0.3551188930359858
13.7,0.45000000000000007,68.37295842018689,234010.64353061622,0.35541569230314807
13.8,0.45000000000000007,68.49341982868272,233599.08207269487,0.35568525939770745
13.9,0.45000000000000007,68.61011996684691,233201.7493590065,0.35599783231601434
14,0.45000000000000007,68.72831172434566,232800.71339701358,0.3562922057809543
14.100000000000001,0.45000000000000007,68.84648224272281,232401.12608209878,0.3566032411491176
14.2,0.45000000000000007,68.97595026411666,231964.90862009444,0.3568244164610708
14.3,0.45000000000000007,69.26203140746438,231006.79657910924,0.35654728812639186
14.4,0.45000000000000007,69.37514213355804,230630.15812201853,0.3568600784927828
14.5,0.45000000000000007,69.49445744305734,230234.1882891905,0.35714016578245494
14.600000000000001,0.45000000000000007,69.61735307514472,229827.75548403367,0.3574462026791952
14.7,0.45000000000000007,69.75191922707405,229384.36930907608,0.3576462604072254
14.8,0.45000000000000007,69.88164867688572,228958.5363673913,0.35787056905105413
14.9,0.45000000000000007,70.00421285133032,228557.67315003733,0.3581309713107378
15,0.45000000000000007,70.13266352905198,228139.06095798154,0.3583401362371691
15.100000000000001,0.45000000000000007,70.26291561472858,227716.14101146217,0.3585465065836528
15.2,0.45000000000000007,70.3953499513844,227287.74004319502,0.35877035464955964
15.3,0.45000000000000007,70.53902104933563,226824.8093322624,0.35892151971997655
15.4,0.45000000000000007,70.66484665304802,226420.92579012006,0.3591773764379595
15.5,0.45000000000000007,70.80713811719588,225965.9184857567,0.35933473796022464
15.600000000000001,0.45000000000000007,70.93622200716769,225554.72433227827,0.3595587975136223
15.7,0.45000000000000007,71.0800977436097,225098.1710480054,0.35969088874939537
15.8,0.45000000000000007,71.22441081587394,224642.08291399508,0.35985707118375426
15.9,0.45000000000000007,71.36078297908247,224212.7865201532,0.36005825036989286
16,0.45000000000000007,71.50626668996964,223756.61240113882,0.3602033606291849
16.1,0.45000000000000007,71.64925019961328,223310.0828748988,0.3603559906441829
16.200000000000003,0.45000000000000007,71.78868332803654,222876.35401931545,0.3605114820427577
16.3,0.45000000000000007,71.9405742756665,222405.78645772516,0.3606343732054637
16.4,0.45000000000000007,72.07541432391439,221989.70550615696,0.36080977943865095
16.5,0.45000000000000007,72.225875849143,221527.25476696106,0.36094513479135676
16.6,0.45000000000000007,72.38665047362971,221035.23087905222,0.3610087069579418
16.700000000000003,0.45000000000000007,72.53190661634292,220592.57430846128,0.36114981007475266
16.8,0.45000000000000007,72.68188201071143,220137.39266743275,0.361263370071133
16.9,0.45000000000000007,72.84280375913326,219651.07291732807,0.36132689523949996
17,0.45000000000000007,72.97245340364097,219260.82040160208,0.361545614345119
17.1,0.45000000000000007,73.13133904017826,218784.45287607302,0.3616195485261983
17.200000000000003,0.45000000000000007,73.28116827375246,218337.13049210233,0.3617544235509944
17.3,0.45000000000000007,73.43987460921694,217865.2957284863,0.36182724427004614
17.4,0.45000000000000007,73.60703552455257,217370.5256023114,0.36184547054812655
17.5,0.45000000000000007,73.76520692003864,216904.4278197982,0.36194038578237486
17.6,0.45000000000000007,73.91639194972154,216460.78194513763,0.3620537465313253
17.700000000000003,0.45000000000000007,74.07851854468929,215987.04070124854,0.3621138412567989
17.8,0.45000000000000007,74.2458340948096,215500.30644909322,0.3621490630122073
17.9,0.45000000000000007,74.41592022502545,215007.7557546528,0.36217135492177627
18,0.45000000000000007,74.58043540683175,214533.4753373451,0.3622489355903824
18.1,0.45000000000000007,74.74117524262492,214072.0954421813,0.36231752881932955
18.200000000000003,0.45000000000000007,74.91547354577303,213574.03541237806,0.3623016564749524
18.3,0.45000000000000007,75.08314586167626,213097.09144947637,0.36233808200200784
18.4,0.45000000000000007,75.24943135302709,212626.1914849189,0.3623986290231247
18.5,0.45000000000000007,75.42033395450811,212144.38018334482,0.3624205709156186
18.6,0.45000000000000007,75.59503140426838,211654.12200750245,0.3624250078121351
18.700000000000003,0.45000000000000007,75.7667207742394,211174.50823396308,0.36242286488481784
18.8,0.45000000000000007,75.94451087823438,210680.13757641547,0.36241426833677676
18.9,0.45000000000000007,76.10819510472251,210227.03242383423,0.3624967050546496
19,0.45000000000000007,76.28518640002623,209739.2790796733,0.36249335965544927
19.1,0.45000000000000007,76.24927749802355,209838.05388076935,0.3631178829164938
19.200000000000003,0.45000000000000007,76.42959117254736,209343.00124513838,0.3630834059415989
19.3,0.45000000000000007,76.61321329165888,208841.2600459609,0.36307265111851267
19.4,0.45000000000000007,76.79938786901076,208334.99385814954,0.3630331321548538
19.5,0.45000000000000007,76.99789684084637,207797.88353273843,0.36293659134861006
19.6,0.45000000000000007,77.17279064758608,207326.95896750587,0.36295252268127415
19.700000000000003,0.45000000000000007,77.35019089314507,206851.4610662448,0.3629754231200908
19.8,0.45000000000000007,77.53965409642204,206346.0327035209,0.36294894222647744
19.9,0.45000000000000007,77.72355202338939,205857.80736301283,0.3629253845497005
20,0.45000000000000007,77.92091435814999,205336.39949935355,0.362834096132326
20.1,0.45000000000000007,78.12176086371586,204808.4915534885,0.3627342174505309
20.200000000000003,0.45000000000000007,78.31575859169523,204301.15583017125,0.36266755996548034
20.3,0.45000000000000007,78.50703377764201,203803.39480558282,0.3625747297476425
20.4,0.45000000000000007,78.70732117165467,203284.77404414793,0.3624821083491971
20.5,0.45000000000000007,78.90585633010106,202773.28888066715,0.36239903114413907
20.6,0.45000000000000007,79.09933072498258,202277.31199938702,0.362346855177262
20.700000000000003,0.45000000000000007,79.28920911705318,201792.90698157297,0.36230609742630654
20.8,0.45000000000000007,79.47990653717702,201308.74200910065,0.3622881211761188
20.9,0.45000000000000007,79.68487342039032,200790.9319952036,0.36218116130525263
21,0.45000000000000007,79.88548977363244,200286.6859217914,0.3621146214602859
21.1,0.45000000000000007,80.08091973150763,199797.90508955458,0.3620486926486204
21.200000000000003,0.45000000000000007,80.29880574842204,199255.76539865808,0.36188806308346566
21.3,0.45000000000000007,80.5058416394421,198743.34177709094,0.36177814221774457
21.4,0.45000000000000007,80.7012854644305,198262.02157649744,0.3617413729681566
21.5,0.45000000000000007,80.92266113102937,197719.6470849237,0.36154774230203446
21.6,0.45000000000000007,81.13045737532585,197213.23554211922,0.36143960988944857
21.700000000000003,0.45000000000000007,81.34568140871575,196691.44966171109,0.3613001558041843
21.8,0.45000000000000007,81.55404743351062,196188.91402102978,0.36113997673883647
21.9,0.45000000000000007,81.77554046778,195657.5267919395,0.36100275735420073
22,0.45000000000000007,81.98993884022536,195145.89504913968,0.360872236622332
22.1,0.45000000000000007,82.2028797168048,194640.38309997437,0.36072993488818156
22.200000000000003,0.45000000000000007,82.41495249794343,194139.5282658115,0.36061333785694594
22.3,0.45000000000000007,82.63977181198794,193611.37681262326,0.3604428970124094
22.4,0.45000000000000007,82.86498759080192,193085.1673931345,0.3602728256498349
22.5,0.45000000000000007,83.08733169308469,192568.46590166367,0.36013766876884545
22.6,0.45000000000000007,83.31450955085694,192043.37979368723,0.35996310511352153
22.700000000000003,0.45000000000000007,83.54012692829055,191524.7269582692,0.3597973981564804
22.8,0.45000000000000007,83.7654627657045,191009.5100262583,0.3596109410822784
22.9,0.45000000000000007,83.98791697230502,190503.59357377555,0.35946317244634635
8,0.55,64.66732546704371,247420.15978616665,0.3195954471854001
8.1,0.55,64.63921692912685,247527.75111033712,0.32072287380225845
8.2,0.55,64.60935870460827,247642.1422653557,0.3218691793221824
8.3,0.55,64.5893354838583,247718.91334907143,0.32296265910820926
8.4,0.55,64.57720858410607,247765.43227571415,0.3240199287026333
8.5,0.55,64.47513654846588,248157.67529197584,0.32537168703895825
8.6,0.55,64.47449233889363,248160.15480820084,0.32636619409032486
8.7,0.55,64.47635356082986,248152.99123429626,0.3273557997868624
8.8,0.55,64.48476100214324,248120.63736218572,0.3283050562046198
8.9,0.55,64.49203144378448,248092.6657419166,0.3292553590073305
9,0.55,64.5044666997502,248044.83811137316,0.3301852385372055
9.1,0.55,64.51464674476912,248005.69804402266,0.331103701085809
9.2,0.55,64.53436666788188,247929.91434071117,0.33198437658663144
9.3,0.55,64.56034905488725,247830.13466047536,0.3328472215322093
9.4,0.55,64.58627438554872,247730.6541090722,0.33369419249656923
9.5,0.55,64.61456615433134,247622.18416485435,0.33451548310663154
9.6,0.55,64.64876194261159,247491.20507834514,0.33531266831275053
9.7,0.55,64.6809124747743,247368.1861900145,0.33610137837053056
9.8,0.55,64.72066027312312,247216.26652879504,0.336873948108677
9.9,0.55,64.76264761007249,247055.98968612164,0.3376208188565534
10,0.55,64.80549758150461,246892.63406823028,0.3383642434377389
10.1,0.55,64.85064055409495,246720.77042405852,0.33909338106964615
10.2,0.55,64.90136486370785,246527.94334294545,0.3397941720868205
10.3,0.55,64.94210772758767,246373.27859938148,0.3405396874703195
10.4,0.55,64.9952820073188,246171.71440533662,0.3412298806647311
10.5,0.55,65.05315048304846,245952.73067011996,0.34188386890481326
10.6,0.55,65.11105262143131,245734.00914015633,0.3425356217225976
10.7,0.55,65.16867124263563,245516.74439438686,0.3431868548469286
10.8,0.55,65.23354651083176,245272.57608695654,0.34380757591124367
10.9,0.55,65.30069430220703,245020.36572464486,0.3443913056341511
11,0.55,65.36420631515597,244782.28838051518,0.3450088575110467
11.1,0.55,65.4262149983757,244550.29227041826,0.34562494902127583
11.2,0.55,65.49998255748696,244274.87421019355,0.3461814884901214
11.3,0.55,65.57376278875333,244000.02866305225,0.3467461129217527
11.4,0.55,65.64343457339163,243741.05504963253,0.3473204157593501
11.5,0.55,65.71868336368905,243461.96821162026,0.3478410556129339
11.6,0.55,65.79772449188906,243169.50355893135,0.34836265451623755
11.7,0.55,65.98117141639155,242493.4213281512,0.3485374686146996
11.8,0.55,66.05026548742754,242239.75304150066,0.34911432605453685
11.9,0.55,66.12859346680852,241952.82496112323,0.3496145048821382
12,0.55,66.20752971916482,241664.35551768588,0.35012540002992565
12.100000000000001,0.55,66.29750752557895,241336.3729221173,0.350565436870189
12.2,0.55,66.3800623447247,241036.23038057509,0.3510653414589677
12.3,0.55,66.46549307326744,240726.41697493452,0.3515240195878639
12.4,0.55,66.55522358958213,240401.86685669064,0.35197184565189615
12.5,0.55,66.64999963562856,240060.01631614423,0.35239150665401253
12.600000000000001,0.55,66.737515994286,239745.21319268015,0.3528481016274953
12.7,0.55,66.83392134227174,239399.3899903068,0.3532678752119984
12.8,0.55,66.92696290231086,239066.57804499823,0.35367880682757996
12.9,0.55,67.02373786983267,238721.3919801627,0.3540793681403929
13,0.55,67.12141101277983,238374.01149021764,0.35447704628743026
13.100000000000001,0.55,67.22423540715272,238009.40097115014,0.3548502351669569
13.2,0.55,67.32662597362676,237647.43544801328,0.3552204296040566
13.3,0.55,67.42698398389261,237293.7221071935,0.35558589164464316
13.4,0.55,67.52694337818137,236942.4588107413,0.35597493832415705
13.5,0.55,67.6347186447399,236564.8933063811,0.35630104702957344
13.600000000000001,0.55,67.74642985944828,236174.80704436786,0.3565844889296992
13.7,0.55,67.85433958802693,235799.21486441288,0.3569326135624646
13.8,0.55,67.96827927884904,235403.92915286028,0.3572354318889159
13.9,0.55,68.06538063277272,235068.10439103283,0.3576109931030306
14,0.55,68.17513309499135,234689.67750611517,0.35793070866105214
14.100000000000001,0.55,68.29221230264304,234287.32882593657,0.35822738991544395
14.2,0.55,68.41395626702929,233870.40997234176,0.3584857827039792
14.3,0.55,68.53245318210998,233466.03334749312,0.35877781406758213
14.4,0.55,68.6481224448317,233072.6526841025,0.35905324246124715
14.5,0.55,68.76632952425639,232672.0083897486,0.3593168228082502
14.600000000000001,0.55,68.89291009320111,232244.50786524412,0.35954718135355784
14.7,0.55,69.01703007115194,231826.84017995372,0.3597897559985804
14.8,0.55,69.14219392834622,231407.17832270695,0.36007159727719773
14.9,0.55,69.26911004721244,230983.1898965458,0.36029803337654104
15,0.55,69.3950942387628,230563.84857623986,0.36052876506073545
15.100000000000001,0.55,69.52703923041442,230126.29585700584,0.36072803132721715
15.2,0.55,69.65188862979633,229713.79979430122,0.36094299331368535
15.3,0.55,69.78695420923503,229269.21200814768,0.36111152060440216
15.4,0.55,69.91517802497653,228848.73430893867,0.36134432203694833
15.5,0.55,70.0480397619367,228414.6716221774,0.3615375983000796
15.600000000000001,0.55,70.18740266984616,227961.13535162774,0.361711370800433
15.7,0.55,70.19325945018126,227942.1147461572,0.3623147281110346
15.8,0.55,70.33172569046931,227493.3515838382,0.36248163653399196
15.9,0.55,70.47973530674977,227015.6085343257,0.36258238081996796
16,0.55,70.61853270926528,226569.42003980168,0.3627475925602583
16.1,0.55,70.75281950642434,226139.3978588684,0.36295538147501444
16.200000000000003,0.55,70.8945580841792,225687.28027053678,0.3631248300288451
16.3,0.55,71.04363455533122,225213.70282004154,0.36323683023056336
16.4,0.55,71.19981754148927,224719.67699462918,0.3632976561288558
16.5,0.55,71.34345608154062,224267.2401756527,0.3634377326913959
16.6,0.55,71.49633098340037,223787.70742396268,0.3635458844592459
16.700000000000003,0.55,71.64542023045864,223322.02042410403,0.36366111524508943
16.8,0.55,71.78871024414401,222876.27045514667,0.3638031487258984
16.9,0.55,71.93771633549835,222414.62219039956,0.363916321287702
17,0.55,72.08314032077222,221965.9122618618,0.36404360810391767
17.1,0.55,72.23677215412418,221493.83925769056,0.3641338559895938
17.200000000000003,0.55,72.39105445681024,221021.7839767188,0.3642211119889891
17.3,0.55,72.54945692089062,220539.21116799978,0.3642879840368453
17.4,0.55,72.70968740073404,220053.20847849597,0.36434078867692593
17.5,0.55,72.86382369433872,219587.70743516643,0.3644486170615517
17.6,0.55,73.02630869835029,219099.12037442817,0.36448027309735564
17.700000000000003,0.55,73.19047672505975,218607.6756967173,0.36453642771253936
17.8,0.55,73.34946416847836,218133.8361688528,0.3646026400604286
17.9,0.55,73.515987608549,217639.73416497227,0.3646319342913835
18,0.55,73.67984757966663,217155.71524085928,0.3646750397426204
18.1,0.55,73.84272039745974,216676.74096890958,0.364723602419935
18.200000000000003,0.55,74.0085392613618,216191.2687331371,0.3647804874388644
18.3,0.55,74.18285868789454,215683.24924381683,0.3647793342536999
18.4,0.55,74.3545331928841,215185.26595404994,0.3647668575085567
18.5,0.55,74.52156937441852,214702.93948871695,0.36479766399845154
18.6,0.55,74.69354100200677,214208.61543530427,0.3648220577591187
18.700000000000003,0.55,74.86526446736157,213717.27080421115,0.3648312916195273
18.8,0.55,75.03896702623854,213222.55134995864,0.3648317076050431
18.9,0.55,75.21692596978905,212718.07899230573,0.3648077157707021
19,0.55,75.39243344784894,212222.8885351956,0.3647840201205178
19.1,0.55,75.56169735242695,211747.49324878817,0.3648319020802075
19.200000000000003,0.55,75.74321182521126,211240.0519392072,0.3647982461601847
19.3,0.55,75.91759288772323,210754.83812642575,0.3647999231999605
19.4,0.55,76.10986211824785,210222.4278785534,0.36469621237996336
19.5,0.55,76.28885590595664,209729.19058746455,0.3646958464535189
19.6,0.55,76.47943493209426,209206.566630707,0.3646234198937241
19.700000000000003,0.55,76.6662881383768,208696.68257736988,0.36457000727498934
19.8,0.55,76.85118169015851,208194.58657782673,0.3645451767769027
19.9,0.55,77.0328981393595,207703.46678447106,0.36451829360944016
20,0.55,77.2197173618431,207200.96559050793,0.36449267342184233
20.1,0.55,77.40831837851776,206696.13208443363,0.36443550073533004
20.200000000000003,0.55,77.59387744913147,206201.83609833373,0.36438773306417327
20.3,0.55,77.78379192122576,205698.38014844703,0.3643269447433857
20.4,0.55,77.97349060368455,205197.944533779,0.3642684572945287
20.5,0.55,78.38396525439872,204123.3809500613,0.36349505752586897
20.6,0.55,78.58320532897457,203605.84596948998,0.36339260538328166
20.700000000000003,0.55,78.7805199651401,203095.89232312635,0.3633005276018343
20.8,0.55,78.96765841977526,202614.59336868525,0.36326295733002073
20.9,0.55,79.15719364520527,202129.4498098867,0.36320926088266803
21,0.55,79.35783804078423,201618.395800767,0.3631312740629718
21.1,0.55,79.55523306186377,201118.13370665477,0.3630442388315073
21.200000000000003,0.55,79.75138164665363,200623.4835013841,0.36298340450982397
21.3,0.55,79.94763420482944,200131.00023707116,0.3628991900840469
21.4,0.55,80.1670841556419,199583.16020246537,0.3627165509834985
21.5,0.55,80.36909357766599,199081.5036944287,0.3626146171420587
21.6,0.55,80.56496912267059,198597.4819358266,0.3625614071235799
21.700000000000003,0.55,80.7500342023416,198142.3309358305,0.36251576415885495
21.8,0.55,80.95185221581461,197648.3497541798,0.3624192281774048
21.9,0.55,81.16269298562865,197134.9078182151,0.36228396067603297
22,0.55,81.38421257835111,196598.32654393875,0.3620498237970677
22.1,0.55,81.59038116765409,196101.5474008238,0.3619653015641564
22.200000000000003,0.55,81.795600697367,195609.54212192787,0.3618600281337734
22.3,0.55,82.00529698686653,195109.34766277918,0.36171658315157096
22.4,0.55,82.2319927806178,194571.47344933642,0.3615202751180583
22.5,0.55,82.43632298392345,194089.2002560605,0.361424184583434
22.6,0.55,82.6580054218101,193568.6678906753,0.3612538307388989
22.700000000000003,0.55,82.87856196928115,193053.54267525036,0.3611108285553348
22.8,0.55,83.09972878798408,192539.73789519205,0.36094659629057063
22.9,0.55,83.32447290759454,192020.4165916985,0.36076887886546866
8,0.65,64.1716685506303,249331.2136239108,0.32116146399619944
8.1,0.65,64.15009030017556,249415.08149297512,0.3222767363760628
8.2,0.65,64.12379653459085,249517.35338017583,0.32339837179919423
8.3,0.65,64.10595568959161,249586.79467277325,0.3244874969169585
8.4,0.65,64.09635248808851,249624.1888799116,0.32553079475242225
8.5,0.65,64.08622137820845,249663.6508739546,0.3265799804104821
8.6,0.65,64.08411412405455,249671.86047117805,0.3275815245849646
8.7,0.65,64.07624245031263,249702.53229825487,0.32860886676725953
8.8,0.65,64.0805762617635,249685.64475202927,0.32958153098092385
8.9,0.65,64.09104178044845,249644.8732228432,0.3305155420534599
9,0.65,64.10120832021171,249605.27920274864,0.3314463282463313
9.1,0.65,64.11525580633308,249550.59133398288,0.33236299621823195
9.2,0.65,64.138260217446,249461.08525169973,0.33321010411902396
9.3,0.65,64.15996345192399,249376.70065833247,0.3340750385820625
9.4,0.65,64.18282975549104,249287.8556609784,0.3349484179436959
9.5,0.65,64.21416644854364,249166.20248930875,0.33576140154070827
9.6,0.65,64.24567138129102,249044.01582235406,0.33655997427556417
9.7,0.65,64.27768053940464,248919.99626824426,0.33736243084041295
9.8,0.65,64.3163486127384,248770.3413690227,0.3381107304387301
9.9,0.65,64.42370620699306,248355.78301863102,0.338644933420978
10,0.65,64.44951053849002,248256.34618969852,0.33945774317861555
10.1,0.65,64.49349659840883,248087.02960593934,0.3401938563627922
10.2,0.65,64.54352265875072,247894.7435917606,0.3408898795387502
10.3,0.65,64.58859333873268,247721.75972448484,0.34160683416378296
10.4,0.65,64.63874706759358,247529.55039906,0.3422923991730451
10.5,0.65,64.69070613688221,247330.7365998575,0.34297823741268413
10.6,0.65,64.74950995991608,247106.11724945842,0.3436162155455038
10.7,0.65,64.80242110371685,246904.35523067662,0.34428343954786655
10.8,0.65,64.86284904043578,246674.33263724713,0.3449087394739236
10.9,0.65,64.92468090784892,246439.409116383,0.3455343124761181
11,0.65,64.98371567561973,246215.53005475184,0.346149740143655
11.1,0.65,65.05216781413868,245956.4459975229,0.34672973031330795
11.2,0.65,65.11692992487144,245711.82975702288,0.34731995732610355
11.3,0.65,65.184708736999,245456.3395313349,0.34790693891396673
11.4,0.65,65.24993997355125,245210.95355008024,0.34849523842324714
11.5,0.65,65.32864708692206,244915.52654858195,0.34900975279114216
11.6,0.65,65.39975373414272,244649.23927759394,0.3495406062866358
11.7,0.65,65.47711251713608,244360.19526384317,0.350059199220553
11.8,0.65,65.53983262347131,244126.34819988898,0.3506650843489712
11.9,0.65,65.61923848005763,243830.93084602876,0.3511691531161811
12,0.65,65.70456048388986,243514.2991927181,0.3516351880442084
12.100000000000001,0.65,65.78704123672108,243208.99221515836,0.3521233965400685
12.2,0.65,65.86736103534048,242912.4189659786,0.3526032474580128
12.3,0.65,65.95401004263067,242593.28567979546,0.35306253283873756
12.4,0.65,66.04362283981335,242264.1174426103,0.3535155103962722
12.5,0.65,66.13166896238542,241941.57279019424,0.35395111909424615
12.600000000000001,0.65,66.22270642649094,241608.97165627696,0.3543825643811587
12.7,0.65,66.31503300552922,241272.593480666,0.35480570242342213
12.8,0.65,66.40898395949664,240931.257279264,0.3552304621660948
12.9,0.65,66.50311418324225,240590.23696113995,0.3556412284734793
13,0.65,66.60085883021651,240237.14229854455,0.35601458181846096
13.100000000000001,0.65,66.69644115501654,239892.85969265792,0.3564152392238298
13.2,0.65,66.80365761160125,239507.84391214844,0.3567565460073507
13.3,0.65,66.82493802384656,239431.57260079135,0.35739808651378885
13.4,0.65,66.92863064859543,239060.620917332,0.35775491467695053
13.5,0.65,67.03970793815608,238664.52423629214,0.3580569800471645
13.600000000000001,0.65,67.14027501978157,238307.03695041334,0.35843676003531055
13.7,0.65,67.24750370833836,237927.04736512146,0.3587258256920415
13.8,0.65,67.35965377738968,237530.9120928209,0.3590461392357276
13.9,0.65,67.48057791624936,237105.26041815645,0.3593060901190118
14,0.65,67.59340563819016,236709.48147876762,0.3596083040493678
14.100000000000001,0.65,67.70873179680581,236306.3016453486,0.3598816435852726
14.2,0.65,67.8226690954757,235909.32373180997,0.360186150421763
14.3,0.65,67.93869498721745,235506.43713439556,0.36046907519778093
14.4,0.65,68.04688009830576,235132.0145300588,0.3608103978763412
14.5,0.65,68.1694933543717,234709.09365316448,0.36104353416057605
14.600000000000001,0.65,68.29206146331461,234287.84630545884,0.36128964328985663
14.7,0.65,68.42050837597913,233848.01399133177,0.36149306198743564
14.8,0.65,68.53840294649761,233445.76634634903,0.36176285477569853
14.9,0.65,68.66967810289407,232999.4903431138,0.3619614832182031
15,0.65,68.79783928597257,232565.4434217427,0.36222149791022623
15.100000000000001,0.65,68.92687333911559,232130.07097073842,0.36243064544252274
15.2,0.65,69.05594911049317,231696.18557264566,0.36263914415039084
15.3,0.65,69.1869953518255,231257.3326625585,0.36282063015045707
15.4,0.65,69.32065310801096,230811.44338138067,0.3629999938877412
15.5,0.65,69.4611656425926,230344.53643244112,0.3631338552874655
15.600000000000001,0.65,69.5939341993638,229905.09423084557,0.36333732706698596
15.7,0.65,69.72883911997651,229460.29507920178,0.3635141573186476
15.8,0.65,69.86776338456363,229004.03884311247,0.36368419382968775
15.9,0.65,70.00589174014256,228552.19185537967,0.36384368688898433
16,0.65,70.1432868821728,228104.5088017748,0.36398979080279287
16.1,0.65,70.2909226333547,227625.40880929658,0.36410001930548636
16.200000000000003,0.65,70.42853154977685,227180.65601994927,0.3642818553098316
16.3,0.65,70.56719101988074,226734.26232159865,0.3644532093670494
16.4,0.65,70.71910899606021,226247.194388314,0.36454610403820653
16.5,0.65,70.86426186657904,225783.76714237547,0.3646538989271842
16.6,0.65,71.00570442004225,225334.00845304196,0.3647960546931192
16.700000000000003,0.65,71.1659759876202,224826.5379341289,0.3648568343685371
16.8,0.65,71.31599612450562,224353.5934359904,0.36493734129339706
16.9,0.65,71.46312529048795,223891.691483715,0.36507134539522546
17,0.65,71.60650889989098,223443.37471288673,0.3652040097862278
17.1,0.65,71.76193461111178,222959.42949010915,0.36527547809073474
17.200000000000003,0.65,71.91481680103556,222485.44474870447,0.3653560925737015
17.3,0.65,72.06879584482795,222010.09205772998,0.3654356456694836
17.4,0.65,72.34811659630587,221152.9581243718,0.36510234947742937
17.5,0.65,72.51259017621699,220651.33739006546,0.36512155405568403
17.6,0.65,72.67068835251779,220171.30101184265,0.3651813881760583
17.700000000000003,0.65,72.82144161762874,219715.50747392362,0.3652758068111909
17.8,0.65,72.97902640473438,219241.0722399282,0.3653526798738994
17.9,0.65,73.13002230316198,218788.39218278477,0.36544660888354613
18,0.65,73.29450636020654,218297.39764352667,0.3654735947484286
18.1,0.65,73.46635822058359,217786.75828683132,0.36546452880597047
18.200000000000003,0.65,73.63186608502383,217297.2226661288,0.36548772777069866
18.3,0.65,73.78327416749168,216851.3146174458,0.36558141754213835
18.4,0.65,73.93658806321014,216401.65470336852,0.36569386210334803
18.5,0.65,74.10197673953105,215918.6664647302,0.3656994411360421
18.6,0.65,74.27117795266456,215426.7703980314,0.36570684680566173
18.700000000000003,0.65,74.44535060399326,214922.7570316763,0.3656905864936132
18.8,0.65,74.60673722047052,214457.84383678873,0.36575481586019765
18.9,0.65,74.789259197344,213934.462939141,0.3656991640832656
19,0.65,74.95170681859632,213470.78911390752,0.3657425323165084
19.1,0.65,75.12893070044798,212967.22648422568,0.3656926996490978
19.200000000000003,0.65,75.2960587950105,212494.52170609814,0.36573826065045256
19.3,0.65,75.47786870636698,211982.66822086766,0.3656900118619624
19.4,0.65,75.65597904881079,211483.61571895485,0.3656607331244406
19.5,0.65,75.83362850165769,210988.1897534449,0.36563468188588927
19.6,0.65,76.01034814936523,210497.65445829782,0.36559362847378196
19.700000000000003,0.65,76.18285409701367,210021.0104969957,0.36561226671124003
19.8,0.65,76.37612191512943,209489.5577151652,0.36551457210594
19.9,0.65,76.54894627170228,209016.5936864724,0.36551586699639543
20,0.65,76.7439283199556,208485.54863251044,0.3654305889021363
20.1,0.65,76.92366030599801,207998.42254454477,0.36540096522389864
20.200000000000003,0.65,77.12125073457564,207465.5149858293,0.3653120701670199
20.3,0.65,77.3034147468962,206976.62648392146,0.3652731846379561
20.4,0.65,77.49293784659613,206470.4274300887,0.36519461656505925
20.5,0.65,77.66785697048513,206005.4264929728,0.3651921963282421
20.6,0.65,77.86006380609773,205496.87757572753,0.36510966548476276
20.700000000000003,0.65,78.06700768577036,204952.1363032388,0.36491939459134787
20.8,0.65,78.25781700923868,204452.41908691535,0.36484668587105185
20.9,0.65,78.45420655584026,203940.62603401518,0.3647493777206777
21,0.65,78.63932164085753,203460.5546709994,0.36471212368901434
21.1,0.65,78.83883876486564,202945.65788468166,0.36460310599999124
21.200000000000003,0.65,79.03882793273088,202432.1516206874,0.36451887387500265
21.3,0.65,79.241658691718,201913.99655383857,0.3643976377568723
21.4,0.65,79.4258284694949,201445.80558130564,0.364382809364679
21.5,0.65,79.63569449954001,200914.9301773518,0.36422717227914625
21.6,0.65,79.84386218571782,200391.1078698047,0.36408628637052004
21.700000000000003,0.65,80.04688468093264,199882.85695034976,0.3639705763247782
21.8,0.65,80.26717817072823,199334.27790332946,0.36379786261921176
21.9,0.65,80.46494325899748,198844.35820081068,0.36368651415381004
22,0.65,80.67564063613177,198325.04426167722,0.36354145674729493
22.1,0.65,80.88745087479442,197805.71432231655,0.3633932351306753
22.200000000000003,0.65,81.09822837353893,197291.60945790214,0.3631982337032394
22.3,0.65,81.10282038226087,197280.4388871732,0.36370495528395835
22.4,0.65,81.31151045360173,196774.10874232842,0.36357511180606067
22.5,0.65,81.52445156430606,196260.13659692372,0.3634079085689128
22.6,0.65,81.74574846041199,195728.8336255006,0.363225782733643
22.700000000000003,0.65,81.97602162606499,195179.02531284417,0.3630060251495111
22.8,0.65,82.18993554595943,194671.03719838095,0.3628608530028994
22.9,0.65,82.42185502027627,194123.26980585314,0.3626383476019438
8,0.7500000000000001,63.84001270377617,250626.51654287017,0.3221631162571658
8.1,0.7500000000000001,63.81076061392679,250741.40859728254,0.32330924965410585
8.2,0.7500000000000001,63.79038843102418,250821.48570549334,0.3244159554716236
8.3,0.7500000000000001,63.77296495504322,250890.01289620463,0.32549024405593957
8.4,0.7500000000000001,63.75746231184212,250951.01686674578,0.3265646701671559
8.5,0.7500000000000001,63.750170135425485,250979.72234444157,0.32759291555665704
8.6,0.7500000000000001,63.78855145076525,250828.70885302185,0.328462155390408
8.7,0.7500000000000001,63.77555725423937,250879.81491430133,0.32951144777986335
8.8,0.7500000000000001,63.77751273463033,250872.1226958764,0.3304839179795235
8.9,0.7500000000000001,63.78907243071482,250826.66027756667,0.33140448980349074
9,0.7500000000000001,63.795472597618634,250801.49654063775,0.3323603096134158
9.1,0.7500000000000001,63.80876608345628,250749.246256751,0.33326772709312824
9.2,0.7500000000000001,63.82600975252199,250681.50213428913,0.33415822308055715
9.3,0.7500000000000001,63.84648899927857,250601.09413660617,0.33501304689687966
9.4,0.7500000000000001,63.869790580192195,250509.66747591068,0.33586197702260945
9.5,0.7500000000000001,63.89196426216568,250422.72819079025,0.33673135433681795
9.6,0.7500000000000001,63.92727597730761,250284.40138258904,0.33751528639697637
9.7,0.7500000000000001,63.95828421714312,250163.058559839,0.33830840821930636
9.8,0.7500000000000001,63.991462706584905,250033.3532515667,0.3390796680141679
9.9,0.7500000000000001,64.02724090702128,249893.63547985445,0.33985169580424346
10,0.7500000000000001,64.07140395873506,249721.38912867804,0.3405859662565494
10.1,0.7500000000000001,64.11267386063399,249560.64123577613,0.3413125624864997
10.2,0.7500000000000001,64.14550190417636,249432.92241912102,0.34210325673947595
10.3,0.7500000000000001,64.19058216837651,249257.74871508178,0.34282053823996256
10.4,0.7500000000000001,64.24567106376236,249044.01705323253,0.3434791364579235
10.5,0.7500000000000001,64.29873107422611,248838.50322846475,0.3441440352318513
10.6,0.7500000000000001,64.3482955623086,248646.834546024,0.34483757869678566
10.7,0.7500000000000001,64.4043739383522,248430.3320037733,0.3454846797098036
10.8,0.7500000000000001,64.46512446483415,248196.21668035453,0.3461047149942113
10.9,0.7500000000000001,64.5316561597432,247940.32808321575,0.34669170661941734
11,0.7500000000000001,64.59028845396537,247715.25848508137,0.34732896399718194
11.1,0.7500000000000001,64.65326958273016,247473.94993731042,0.34791773347526833
11.2,0.7500000000000001,64.71994629404205,247218.99377523002,0.3485014641604897
11.3,0.7500000000000001,64.78644250594034,246965.25046166783,0.34907674000314914
11.4,0.7500000000000001,64.85311261796546,246711.36594865174,0.3496537299007052
11.5,0.7500000000000001,64.88064253586225,246606.68228056046,0.35035819915709177
11.6,0.7500000000000001,64.9559170060656,246320.9009658953,0.35088741212927316
11.7,0.7500000000000001,65.03648623600182,246015.75094232234,0.35136363004124066
11.8,0.7500000000000001,65.10743055545015,245747.67985004807,0.3519132465399396
11.9,0.7500000000000001,65.18526358792819,245454.25022969575,0.3524347783716859
12,0.7500000000000001,65.26656573614525,245148.4894223421,0.3529249468579983
12.100000000000001,0.7500000000000001,65.35929212696665,244800.69289793522,0.35334696467797005
12.2,0.7500000000000001,65.44539584379118,244478.61906419997,0.35381192027124997
12.3,0.7500000000000001,65.52525080480625,244180.67544163304,0.35429065647336355
12.4,0.7500000000000001,65.61358549387684,243851.9382772207,0.35473702948944064
12.5,0.7500000000000001,65.69369118164488,243554.5896752788,0.35523760350871747
12.600000000000001,0.7500000000000001,65.78543200006413,243214.94156919728,0.35564936727438257
12.7,0.7500000000000001,65.88308164689809,242854.45671397663,0.35604122411899947
12.8,0.7500000000000001,65.97026816172865,242533.49949670333,0.3564882837231666
12.9,0.7500000000000001,66.07029152504667,242166.32968744414,0.3568646714562631
13,0.7500000000000001,66.16817181837688,241808.1013922818,0.35726313379242014
13.100000000000001,0.7500000000000001,66.26889684471175,241440.56656764462,0.35761630801622163
13.2,0.7500000000000001,66.36929058668557,241075.3506413067,0.35798724361763806
13.3,0.7500000000000001,66.4679014920808,240717.69441835457,0.3583666307985366
13.4,0.7500000000000001,66.57761899577505,240321.00038025307,0.35868901528696706
13.5,0.7500000000000001,66.6841716764144,239936.99850753427,0.3590233296038393
13.600000000000001,0.7500000000000001,66.79019434420829,239556.12282759347,0.35934516860664695
13.7,0.7500000000000001,66.89645064655343,239175.61911521736,0.3596874661487358
13.8,0.7500000000000001,67.00518855264005,238787.4781880543,0.3599947278980468
13.9,0.7500000000000001,67.12390973545095,238365.13789288004,0.3602389557034709
14,0.7500000000000001,67.2345008385263,237973.06145584973,0.36054678445494037
14.100000000000001,0.7500000000000001,67.34376109940172,237586.96780216132,0.3608608734346014
14.2,0.7500000000000001,67.45597761884441,237191.72955148545,0.3611434663517089
14.3,0.7500000000000001,67.57924502221057,236759.08179710273,0.36137780543952347
14.4,0.7500000000000001,67.69838987639926,236342.40089331658,0.3616498989759944
14.5,0.7500000000000001,67.82390818241362,235905.01386277704,0.36189188227959923
14.600000000000001,0.7500000000000001,67.94175077691402,235495.84485298034,0.36214310571934666
14.7,0.7500000000000001,68.06295478577753,235076.48250591915,0.36238920389179724
14.8,0.7500000000000001,68.1870148052536,234648.78240669437,0.3626084455788233
14.9,0.7500000000000001,68.31210599180943,234219.1002268088,0.3628329349125054
15,0.7500000000000001,68.43548648661168,233796.83292132578,0.3630659974354873
15.100000000000001,0.7500000000000001,68.64041530345928,233098.822745521,0.3630436117097044
15.2,0.7500000000000001,68.77549925529163,232640.98659042377,0.36321118893231386
15.3,0.7500000000000001,68.89746717833735,232229.14651687947,0.3634476224587688
15.4,0.7500000000000001,69.025595100209,231798.07398649363,0.3636348012844219
15.5,0.7500000000000001,69.15585626084278,231361.46185004248,0.36382231972424595
15.600000000000001,0.7500000000000001,69.28894839781664,230917.05632675145,0.36398524567758306
15.7,0.7500000000000001,69.431900776481,230441.6243983883,0.36412562011429767
15.8,0.7500000000000001,69.56458979249636,230002.07501727913,0.3643043784747204
15.9,0.7500000000000001,69.67991688565866,229621.39903604102,0.3645881195951166
16,0.7500000000000001,69.81897247054647,229164.07151007117,0.36473284645642196
16.1,0.7500000000000001,69.95885824362833,228705.84800399083,0.3648560153470904
16.200000000000003,0.7500000000000001,70.10224392425673,228238.05779009726,0.3649782676472119
16.3,0.7500000000000001,70.23862817167837,227794.88176922456,0.36515667746110764
16.4,0.7500000000000001,70.38813744240626,227311.02969007657,0.3652618927973482
16.5,0.7500000000000001,70.52410198415872,226872.79312814158,0.3654273646045168
16.6,0.7500000000000001,70.67215341010807,226397.5162487628,0.36552522330379245
16.700000000000003,0.7500000000000001,70.81857055582314,225929.44017964764,0.3656166305105634
16.8,0.7500000000000001,70.96747826555264,225455.38309998458,0.365725714667304
16.9,0.7500000000000001,71.11413389294532,224990.4361358922,0.36581329446684374
17,0.7500000000000001,71.26371384670408,224518.18936096597,0.365924709232503
17.1,0.7500000000000001,71.40428978533551,224076.1731277098,0.36606182981840246
17.200000000000003,0.7500000000000001,71.55932418998145,223590.70856401484,0.36612504130435025
17.3,0.7500000000000001,71.7198761250466,223090.17896382493,0.36615629489872975
17.4,0.7500000000000001,71.87276629147115,222615.6140298534,0.3662312920422873
17.5,0.7500000000000001,72.02516146171861,222144.59051930072,0.3663091462455521
17.6,0.7500000000000001,72.1870650563634,221646.3571071529,0.36633908159616924
17.700000000000003,0.7500000000000001,72.34268838959933,221169.55225429957,0.366417512417093
17.8,0.7500000000000001,72.49328982982368,220710.08278917443,0.3665030435444821
17.9,0.7500000000000001,72.65288738888921,220225.24602988973,0.3665299888342646
18,0.7500000000000001,72.8182223374095,219725.2210561063,0.3665610847197667
18.1,0.7500000000000001,72.98656184982704,219218.43685308372,0.36656142530197994
18.200000000000003,0.7500000000000001,73.14243332142634,218751.2675397,0.36662498927469056
18.3,0.7500000000000001,73.30757863892461,218258.47063927405,0.36664264559836646
18.4,0.7500000000000001,73.46806825376711,217781.68911062382,0.36668421984374744
18.5,0.7500000000000001,73.63074398886282,217300.5341684462,0.3667378771265099
18.6,0.7500000000000001,73.80063293733775,216800.30865839854,0.36673937426173003
18.700000000000003,0.7500000000000001,73.97876903033033,216278.26753159694,0.3666755556380587
18.8,0.7500000000000001,74.14280997282553,215799.75193635424,0.36670233299550375
18.9,0.7500000000000001,74.32249394896678,215278.02889642442,0.3666697034851281
19,0.7500000000000001,74.49909843785737,214767.69968359053,0.3666360375420311
19.1,0.7500000000000001,74.67101000784717,214273.2500647649,0.3666264032816408
19.200000000000003,0.7500000000000001,74.84400772638527,213777.96948678646,0.36661233493576223
19.3,0.7500000000000001,74.90288035219663,213609.94296570835,0.36695364782632733
19.4,0.7500000000000001,75.07491965325691,213120.44120590526,0.36696964876688726
19.5,0.7500000000000001,75.2521315726601,212618.56196792395,0.3669378719860528
19.6,0.7500000000000001,75.43367380470542,212106.86412308807,0.366886076138213
19.700000000000003,0.7500000000000001,75.62394765679774,211573.19203451794,0.3667723331362302
19.8,0.7500000000000001,75.80374102920287,211071.37698964105,0.3667495441680274
19.9,0.7500000000000001,75.99524440927863,210539.4899953303,0.3666534089195324
20,0.7500000000000001,76.18059431807397,210027.24044388262,0.36658829763312994
20.1,0.7500000000000001,76.36416022216785,209522.37218939964,0.3665330059294614
20.200000000000003,0.7500000000000001,76.544258419515,209029.3946321752,0.36651361007538913
20.3,0.7500000000000001,76.73386899263686,208512.8797758824,0.3664561104913017
20.4,0.7500000000000001,76.92422812092637,207996.88720759982,0.3663718607675713
20.5,0.7500000000000001,77.12507228220092,207455.2350687717,0.36623920190379405
20.6,0.7500000000000001,77.30518898162563,206971.87615443222,0.3662002385148062
20.700000000000003,0.7500000000000001,77.49239674295823,206471.8691444258,0.3661351022157501
20.8,0.7500000000000001,77.69227846008198,205940.67154589557,0.3659896963586622
20.9,0.7500000000000001,77.89503130848253,205404.62891190403,0.3658359056008751
21,0.7500000000000001,78.08683798671305,204900.08831862928,0.3657538660776937
21.1,0.7500000000000001,78.26462651414651,204434.6304662677,0.3657387499406512
21.200000000000003,0.7500000000000001,78.46181957150708,203920.83802515204,0.3656405822338974
21.3,0.7500000000000001,78.6775873333504,203361.59943757972,0.3654513124824858
21.4,0.7500000000000001,78.88074436319593,202837.84248193857,0.3653479616659164
21.5,0.7500000000000001,79.07798925416566,202331.9023524255,0.36524807358298733
21.6,0.7500000000000001,79.2784536581393,201820.28359173634,0.36515410999468767
21.700000000000003,0.7500000000000001,79.45427203533256,201373.6906794005,0.36515054932707486
21.8,0.7500000000000001,79.66263591526145,200846.98197809426,0.3650040524844032
21.9,0.7500000000000001,79.88241112692974,200294.4049169558,0.3648072804437577
22,0.7500000000000001,80.073988973082,199815.19848322563,0.36476076089577825
22.1,0.7500000000000001,80.28057118871169,199301.02343678605,0.3646048661266166
22.200000000000003,0.7500000000000001,80.51185841017363,198728.48939204475,0.3643620254251769
22.3,0.7500000000000001,80.7221984655904,198210.65709478105,0.3642161747940562
22.4,0.7500000000000001,80.9339511933598,197692.06574104237,0.36401244277247186
22.5,0.7500000000000001,81.14738885085683,197172.08682348204,0.3638829509457451
22.6,0.7500000000000001,81.35831294754482,196660.9117167398,0.3637398981129521
22.700000000000003,0.7500000000000001,81.5788794829221,196129.19546595972,0.3635355904316902
22.8,0.7500000000000001,81.79659154585677,195607.172592639,0.3633663695826884
22.9,0.7500000000000001,82.01415598201916,195088.2723649299,0.3631998503833815
8,0.8500000000000001,63.566508222342435,251704.87490103004,0.3229680556617089
8.1,0.8500000000000001,63.53824924585664,251816.82199157175,0.3241045784743914
8.2,0.8500000000000001,63.51169706156594,251922.09845204072,0.32524044441906125
8.3,0.8500000000000001,63.494267313068406,251991.25333802972,0.3263120042004839
8.4,0.8500000000000001,63.47689565551834,252060.21552834153,0.32739102640989437
8.5,0.8500000000000001,63.47000819588276,252087.56788907904,0.32841669888316743
8.6,0.8500000000000001,63.46281778694401,252116.1296952627,0.3294471766614733
8.7,0.8500000000000001,63.459888220485496,252127.76840087527,0.33044382283285023
8.8,0.8500000000000001,63.46723464570721,252098.5842429832,0.3313855150332917
8.9,0.8500000000000001,63.47295895383631,252075.84873484078,0.33233577798041253
9,0.8500000000000001,63.47022375756747,252086.71173295402,0.3333310234660385
9.1,0.8500000000000001,63.48336398726996,252034.53306614957,0.334246325940165
9.2,0.8500000000000001,63.50582326017928,251945.39931320987,0.33510254056632305
9.3,0.8500000000000001,63.52105984038263,251884.9660286717,0.3360005554932474
9.4,0.8500000000000001,63.544154799342984,251793.41908825628,0.3368383331749675
9.5,0.8500000000000001,63.5735154976216,251677.13118835766,0.33765178183301436
9.6,0.8500000000000001,63.60313732403806,251559.91784626932,0.33847828586687895
9.7,0.8500000000000001,63.633599605639795,251439.4926447306,0.33928412275330133
9.8,0.8500000000000001,63.668734504115726,251300.73849615647,0.3400515817863206
9.9,0.8500000000000001,63.705611949259016,251155.26733726167,0.34079920720853096
10,0.8500000000000001,63.741422642938026,251014.16530389685,0.341567248116505
10.1,0.8500000000000001,63.76712049569307,250913.00776362742,0.34234877285120247
10.2,0.8500000000000001,63.81146091146572,250738.65684095473,0.34305632450513834
10.3,0.8500000000000001,63.86325606004122,250535.29974978967,0.34374289360900323
10.4,0.8500000000000001,63.90706485246937,250363.5558437286,0.3444642947537222
10.5,0.8500000000000001,63.958437709519934,250162.4581992951,0.34513979090732955
10.6,0.8500000000000001,64.01733780481874,249932.2925420938,0.34577017745585514
10.7,0.8500000000000001,64.07928432023837,249690.6788165652,0.3463940375032349
10.8,0.8500000000000001,64.14046820549002,249452.497738869,0.34701043219995326
10.9,0.8500000000000001,64.19635347344881,249235.3402380946,0.3476535542613472
11,0.8500000000000001,64.24962154497229,249028.7042204694,0.3483089936107024
11.1,0.8500000000000001,64.3148749952347,248776.04133080397,0.3489074044733389
11.2,0.8500000000000001,64.386794646043,248498.16003355442,0.3494444920577707
11.3,0.8500000000000001,64.44683269578802,248266.66153673825,0.3500583112063659
11.4,0.8500000000000001,64.52163939919478,247978.81995849716,0.35058795931158626
11.5,0.8500000000000001,64.59498307758564,247697.25507602113,0.35113586405254693
11.6,0.8500000000000001,64.66793087358533,247417.84349459465,0.35167362628449816
11.7,0.8500000000000001,64.74277299983783,247131.83045218157,0.35219936590485473
11.8,0.8500000000000001,64.82452883217269,246820.1510792799,0.35266313470043986
11.9,0.8500000000000001,64.90283529765357,246522.35802367865,0.3531671045305291
12,0.8500000000000001,64.98311733618081,246217.79711222995,0.353669504750936
12.100000000000001,0.8500000000000001,65.06718274072415,245899.68899922792,0.3541387360508837
12.2,0.8500000000000001,65.15105024326064,245583.14778133715,0.35460272716092683
12.3,0.8500000000000001,65.24014859794852,245247.75531402027,0.3550453980275748
12.4,0.8500000000000001,65.32404384356224,244932.78521330887,0.3554963980440945
12.5,0.8500000000000001,65.4111983914628,244606.4342720902,0.35594320630199383
12.600000000000001,0.8500000000000001,65.50834768030874,244243.68140198817,0.3563453990330146
12.7,0.8500000000000001,65.60063661583777,243900.07209376938,0.35674816367207596
12.8,0.8500000000000001,65.70043857532205,243529.57677225932,0.357122162921526
12.9,0.8500000000000001,65.79420629560495,243182.50649782212,0.357527670917407
13,0.8500000000000001,65.88618583903798,242843.0147571223,0.35795340635262046
13.100000000000001,0.8500000000000001,65.9864960138772,242473.8539933253,0.3583208635286464
13.2,0.8500000000000001,66.08586289193066,242109.2696658072,0.3586752965996844
13.3,0.8500000000000001,66.22755722717132,241591.27514121338,0.35888385541671103
13.4,0.8500000000000001,66.33603372958179,241196.2111757216,0.3592023431092141
13.5,0.8500000000000001,66.43225989365358,240846.84196523196,0.35959005999503135
13.600000000000001,0.8500000000000001,66.53908788258872,240460.1642305758,0.3599152580790318
13.7,0.8500000000000001,66.6416293555054,240090.16818371366,0.3602483261523162
13.8,0.8500000000000001,66.7507889925551,239697.5412797671,0.36056736749886825
13.9,0.8500000000000001,66.87001766655494,239270.16259788434,0.3607767113867504
14,0.8500000000000001,66.97432865012115,238897.50479747524,0.36112447339791415
14.100000000000001,0.8500000000000001,67.07157817972025,238551.1185844999,0.3614965825403828
14.2,0.8500000000000001,67.1859714246684,238144.9528930283,0.361775419800272
14.3,0.8500000000000001,67.30915692851423,237709.11314478086,0.36199135244831954
14.4,0.8500000000000001,67.41873888628682,237322.7423756283,0.3623044745321461
14.5,0.8500000000000001,67.53711518447584,236906.7727618573,0.3625598402681249
14.600000000000001,0.8500000000000001,67.66119937685016,236472.3083149232,0.3628016228454522
14.7,0.8500000000000001,67.78416738946657,236043.32126806275,0.36301765785105905
14.8,0.8500000000000001,67.90869974803724,235610.4602115055,0.36323821123038375
14.9,0.8500000000000001,68.0320932655451,235183.1206714201,0.36345322713616524
15,0.8500000000000001,68.15798848822335,234748.71185150294,0.36366565715661325
15.100000000000001,0.8500000000000001,68.27849625736617,234334.39335995706,0.3639063329741327
15.2,0.8500000000000001,68.40822357490913,233890.00859640076,0.3641431543167387
15.3,0.8500000000000001,68.54404546137046,233426.5491962706,0.3643010835630928
15.4,0.8500000000000001,68.67531655601402,232980.36037372806,0.36448290116831883
15.5,0.8500000000000001,68.80935528041992,232526.52106381365,0.3646333295399724
15.600000000000001,0.8500000000000001,68.94008401539854,232085.58893583913,0.3648130323990273
15.7,0.8500000000000001,69.06787939440743,231656.16405613223,0.3649985267419202
15.8,0.8500000000000001,69.20476336394876,231197.95838121418,0.36516530428748983
15.9,0.8500000000000001,69.34455508818237,230731.8862981169,0.365301294924505
16,0.8500000000000001,69.48854378472635,230253.7818257866,0.36542960388573276
16.1,0.8500000000000001,69.6203557255873,229817.84326217658,0.365607201678468
16.200000000000003,0.8500000000000001,69.76299953194496,229347.9366906162,0.36572782473151644
16.3,0.8500000000000001,69.90169765001056,228892.8672392205,0.365852160728372
16.4,0.8500000000000001,70.03908285302448,228443.8823046221,0.3660203682585549
16.5,0.8500000000000001,70.1936010941226,227941.00531394023,0.3660941593757844
16.6,0.8500000000000001,70.33663815127156,227477.46296303114,0.3662179275566283
16.700000000000003,0.8500000000000001,70.48669921399032,226993.17996755184,0.36630023214865176
16.8,0.8500000000000001,70.6369611761568,226510.31037559314,0.36636662674950315
16.9,0.8500000000000001,70.78617496601649,226032.83773535426,0.36646920506716296
17,0.8500000000000001,70.9350369853875,225558.49238925433,0.36654039254449594
17.1,0.8500000000000001,71.01972609425049,225289.51996754188,0.36688893748545526
17.200000000000003,0.8500000000000001,71.16771363800643,224821.04850780754,0.3669833831669417
17.3,0.8500000000000001,71.32518315320608,224324.6956076102,0.3670292854434345
17.4,0.8500000000000001,71.4889257911236,223810.88851088367,0.36703925343312854
17.5,0.8500000000000001,71.65047969024408,223306.25097236517,0.36706529822068845
17.6,0.8500000000000001,71.80572762924564,222823.45055554295,0.3671241492247388
17.700000000000003,0.8500000000000001,71.96558218795266,222328.5008410377,0.36715993988433077
17.8,0.8500000000000001,72.12238786639296,221845.12289914847,0.36720645007200303
17.9,0.8500000000000001,72.28258334508648,221353.46109053565,0.3672605311976868
18,0.8500000000000001,72.44227554976433,220865.5081383905,0.3672826105958311
18.1,0.8500000000000001,72.61235538119257,220348.17512811575,0.36728536328419886
18.200000000000003,0.8500000000000001,72.77023877930104,219870.10443273524,0.36733410167926916
18.3,0.8500000000000001,72.93609788951042,219370.1125091462,0.3673432212710979
18.4,0.8500000000000001,73.09992043252771,218878.48721761923,0.3673633110962339
18.5,0.8500000000000001,73.27151115775992,218365.90711976192,0.3673451492588027
18.6,0.8500000000000001,73.43680565619954,217874.40040495933,0.3673593641465185
18.700000000000003,0.8500000000000001,73.5953833667349,217404.94128918415,0.3674357812696573
18.8,0.8500000000000001,73.77586308284657,216873.09821144087,0.3673558312746277
18.9,0.8500000000000001,73.9474506227458,216369.8662395603,0.36734118648289676
19,0.8500000000000001,74.11563598538123,215878.87342902762,0.367344311043299
19.1,0.8500000000000001,74.26840120708736,215434.82477004142,0.3674415612738383
19.200000000000003,0.8500000000000001,74.4423791908912,214931.33580499218,0.3674174304322831
19.3,0.8500000000000001,74.62872334963025,214394.66309829714,0.36733340132208636
19.4,0.8500000000000001,74.78774078126975,213938.80645218166,0.3673628583603439
19.5,0.8500000000000001,74.96781342198592,213424.92557356163,0.36733538453339487
19.6,0.8500000000000001,75.1624785276041,212872.17124065245,0.36721422470565823
19.700000000000003,0.8500000000000001,75.34378737927801,212359.91123536907,0.36715967144166445
19.8,0.8500000000000001,75.52358829972765,211854.3406134438,0.36711362458657726
19.9,0.8500000000000001,75.70444653008319,211348.2197329317,0.3670430306905319
20,0.8500000000000001,75.89163905542048,210826.9132033882,0.3669816262189748
20.1,0.8500000000000001,76.07635173358389,210315.02740866586,0.3669156026433361
20.200000000000003,0.8500000000000001,76.2615562077209,209804.26830550467,0.36684848510275825
20.3,0.8500000000000001,76.44437871079897,209302.50555806726,0.3668122108230782
20.4,0.8500000000000001,76.6447620922762,208755.2960336266,0.3666748386681655
20.5,0.8500000000000001,76.82685514461934,208260.50955595542,0.3666507844199894
20.6,0.8500000000000001,77.02702096797452,207719.3145851027,0.36651744836767186
20.700000000000003,0.8500000000000001,77.21812219686706,207205.24592929252,0.366422650531585
20.8,0.8500000000000001,77.39719245430656,206725.8448611817,0.3663924441984678
20.9,0.8500000000000001,77.59079264460453,206210.03413750537,0.36629477794207477
21,0.8500000000000001,77.79316731832314,205673.59000218278,0.3661169281883684
21.1,0.8500000000000001,77.99587664895323,205139.04949121096,0.3659799945016087
21.200000000000003,0.8500000000000001,78.18827581505755,204634.26048485274,0.3658930468197249
21.3,0.8500000000000001,78.40126666210665,204078.3354809395,0.36571780506785045
21.4,0.8500000000000001,78.6051894400137,203548.90197434285,0.36558037806374516
21.5,0.8500000000000001,78.81037878059887,203018.94556987964,0.36546432305348775
21.6,0.8500000000000001,78.99674457181077,202539.99182783347,0.3654115227117822
21.700000000000003,0.8500000000000001,79.20084569709304,202018.04487281197,0.36529747119697886
21.8,0.8500000000000001,79.40625428920642,201495.46333877204,0.3651546329039409
21.9,0.8500000000000001,79.6278087554295,200934.82729309722,0.36494477071357356
22,0.8500000000000001,79.83947851714457,200402.11054940938,0.3647823197352204
22.1,0.8500000000000001,80.05183726657336,199870.4907511348,0.3646186862525566
22.200000000000003,0.8500000000000001,80.25622141810415,199361.4914493187,0.3644899405142947
22.3,0.8500000000000001,80.4824520592163,198801.09999913687,0.364267500290167
22.4,0.8500000000000001,80.6881533072312,198294.289114262,0.3641400497867695
22.5,0.8500000000000001,80.90403435389483,197765.16866899282,0.3639152320734711
22.6,0.8500000000000001,81.11954195896377,197239.77248409486,0.3637739822239809
22.700000000000003,0.8500000000000001,81.31620380814623,196762.75146525135,0.3636922597609877
22.8,0.8500000000000001,81.53810002482335,196227.28509897803,0.36347936220634836
22.9,0.8500000000000001,81.75809181577921,195699.2836385159,0.36329742341061616
