8,0.15,68.54188532137789,233433.90577862726,0.303429114264425
8.1,0.15,68.54142139749744,233435.4857803428,0.3044473731385184
8.2,0.15,68.55491304476317,233389.54553924888,0.3054062545488947
8.3,0.15,68.56050485511723,233370.5102348847,0.3063918030909995
8.4,0.15,68.57430846833695,233323.53409568444,0.30734069962701605
8.5,0.15,68.6056319319022,233217.004922884,0.30821120408942115
8.6,0.15,68.63874619601798,233104.49107428812,0.3090761501410495
8.7,0.15,68.65822774370474,233038.3484369364,0.3100005053855594
8.8,0.15,68.69799155772196,232903.46103577648,0.31081388227189055
8.9,0.15,68.73742934697518,232769.8337282101,0.3116338214507569
9,0.15,68.78749032532362,232600.43249622258,0.3124213406430662
9.1,0.15,68.82281218215172,232481.05522996033,0.3132604209922802
9.2,0.15,68.88282349183694,232278.51573035622,0.3139743130340361
9.3,0.15,68.9376410826766,232093.8133176224,0.3147019331053636
9.4,0.15,68.9965494512143,231895.65459810695,0.3154240323194432
9.5,0.15,69.06298022108241,231672.59722620228,0.3161177111613532
9.6,0.15,69.12071924396997,231479.07277304304,0.3168296274821956
9.7,0.15,69.18803856142686,231253.8457900465,0.3175149958184824
9.8,0.15,69.2668115528279,230990.8546576774,0.31813995225232305
9.9,0.15,69.34502304807157,230730.32925388793,0.3187601081723925
10,0.15,69.4248104985414,230465.15914272686,0.31938202938095017
10.1,0.15,69.49494679808434,230232.5670740861,0.32003739525713426
10.2,0.15,69.57598837412569,229964.393951034,0.32064053498784667
10.3,0.15,69.67162706432666,229648.72034964056,0.3211743717673807
10.4,0.15,70.79335816246235,226009.90283978195,0.31853192794898927
10.5,0.15,70.86501193877203,225781.37732939544,0.3191497830678286
10.6,0.15,70.95809512755287,225485.19617442825,0.3196826171884725
10.7,0.15,71.04397659071587,225212.6185471845,0.32023625928119664
10.8,0.15,71.11752494312034,224979.70806487947,0.32084355969181017
10.9,0.15,71.20454185609388,224704.76718095303,0.32136770265458997
11,0.15,71.30851038082828,224377.14537228216,0.3218343706553674
11.1,0.15,71.3947020176326,224106.2648604994,0.32238915402020113
11.2,0.15,71.49040663106037,223806.25253079057,0.32288482414114633
11.3,0.15,71.59264580312647,223486.64196597238,0.3233572175228583
11.4,0.15,71.69300645804199,223173.79045003402,0.3238194473221645
11.5,0.15,71.79562579454182,222854.80240519583,0.3242834731472752
11.6,0.15,71.89603334187284,222543.5709911616,0.3247659931801994
11.7,0.15,72.00896480576017,222194.5565133318,0.32516804912079955
11.8,0.15,72.111556882798,221878.4435066989,0.3256274201237789
11.9,0.15,72.22981574301042,221515.1711992052,0.32601451716327423
12,0.15,72.34530716134647,221161.54630895914,0.3264233268349775
12.100000000000001,0.15,72.45966397512105,220812.50618956203,0.3268125168873569
12.2,0.15,72.57479111563894,220462.22598844246,0.32720671075966223
12.3,0.15,72.69142507062611,220108.49263795,0.3275956525287645
12.4,0.15,72.82288114981849,219711.164229869,0.3279201441556218
12.5,0.15,72.9407619848947,219356.08519298767,0.3283007790909794
12.600000000000001,0.15,73.06440971775268,218984.8663912826,0.328641187120344
12.7,0.15,73.19464623335375,218595.2227843275,0.32897150454792
12.8,0.15,73.32573563227271,218204.42525445257,0.32924720794536744
12.9,0.15,73.4552985421029,217819.54899862217,0.3295822982153362
13,0.15,73.59087550749024,217418.25857706348,0.3298777102679311
13.100000000000001,0.15,73.7233926914427,217027.45106923394,0.3301722058839764
13.2,0.15,73.85977048239684,216626.72244308307,0.3304591878797272
13.3,0.15,74.00393023032092,216204.73331894033,0.3307255051892054
13.4,0.15,74.14119256644727,215804.45965527708,0.3310097995192464
13.5,0.15,74.29274965675624,215364.21890322302,0.33123335658335096
13.600000000000001,0.15,74.44162062338808,214933.52597663784,0.3314643241492052
13.7,0.15,74.58452093177915,214521.7238123022,0.3317110730578471
13.8,0.15,74.74145031503973,214071.30758848047,0.33190505861610176
13.9,0.15,74.89406192340842,213635.0945467833,0.33211765628282763
14,0.15,75.03507343142404,213233.6155387747,0.3324226107140647
14.100000000000001,0.15,75.1967052610104,212775.2797740731,0.33259373533663456
14.2,0.15,75.35297972319604,212334.00535419956,0.3327881169116443
14.3,0.15,75.51136902611164,211888.62294984006,0.3329536925939395
14.4,0.15,75.6743504459736,211432.2740229257,0.33310509504739516
14.5,0.15,75.83292190047158,210990.15571362947,0.3333025525479952
14.600000000000001,0.15,75.99674284926246,210535.33875439345,0.3334626425886654
14.7,0.15,76.17156148723933,210052.14659647495,0.33358747589142096
14.8,0.15,76.32829157890707,209620.8321846092,0.3337779830034976
14.9,0.15,76.49632303292421,209160.38007622352,0.33390323923841153
15,0.15,76.67284411169142,208678.83779936953,0.33400723805438626
15.100000000000001,0.15,76.83805300476168,208230.1590724647,0.3341784809446352
15.2,0.15,77.00705795986242,207773.16292669578,0.3343330993399806
15.3,0.15,77.17622529309597,207317.73210254853,0.33446865154641126
15.4,0.15,77.35887880009862,206828.23029720024,0.33453204779196405
15.5,0.15,77.5455264754796,206330.40650074513,0.334606271096445
15.600000000000001,0.15,77.7289547897646,205843.49864571818,0.3346641626814458
15.7,0.15,77.9133015612132,205356.4626244143,0.3347537743378483
15.8,0.15,78.0866988356443,204900.45345208608,0.33487169883171874
15.9,0.15,78.25709921286351,204454.29438266222,0.335002558500841
16,0.15,78.44386905867748,203967.50175634123,0.33505979096448124
16.1,0.15,78.63982736595348,203459.24623592294,0.33508207903527826
16.200000000000003,0.15,78.83810141082948,202947.55598721438,0.33509508707820546
16.3,0.15,79.02358568887152,202471.19718149156,0.33515806922801705
16.4,0.15,79.20119584497033,202017.15175259035,0.33527694425020865
16.5,0.15,79.39256429809046,201530.20804222632,0.33530592070429643
16.6,0.15,79.5779432735817,201060.73796093802,0.33539042534737745
16.700000000000003,0.15,79.79739145293978,200507.8074442564,0.33531718076364064
16.8,0.15,80.00196608459407,199995.08490930838,0.3353074210264211
16.9,0.15,80.20091570132655,199498.9690589699,0.3353219968634151
17,0.15,80.38721295689469,199036.63047230578,0.3353900621438803
17.1,0.15,80.58418440353132,198550.1264103984,0.33543969875964114
17.200000000000003,0.15,80.79835725678274,198023.8279987661,0.3353748290412057
17.3,0.15,80.9966786125282,197538.96424001257,0.33539496179025374
17.4,0.15,81.20788529010126,197025.20195967105,0.33536260727117884
17.5,0.15,81.4196729952511,196512.70278294067,0.33534436728861716
17.6,0.15,81.62494247857879,196018.51485774652,0.33533826568073416
17.700000000000003,0.15,81.83727289107011,195509.93617904247,0.3352998825830113
17.8,0.15,82.0491451383836,195005.0786393264,0.33525292867330186
17.9,0.15,82.26772750567685,194486.95722020435,0.3352169064744212
18,0.15,82.48437423206799,193976.13364907575,0.3351685431571294
18.1,0.15,82.70039113407356,193469.45982469252,0.3351238950921767
18.200000000000003,0.15,82.90736349330085,192986.47702496106,0.33509816465248166
18.3,0.15,83.13185366370635,192465.33422344783,0.3350381091917198
18.4,0.15,83.3755315102635,191902.8246078456,0.33488596353803873
18.5,0.15,83.59171068793084,191406.53861878815,0.33484577411667904
18.6,0.15,83.81457845679515,190897.57766004518,0.3347965367665438
18.700000000000003,0.15,84.0384021138493,190389.150644777,0.33475045135223985
18.8,0.15,84.26694025927952,189872.8012524232,0.3346645676205304
18.9,0.15,84.48096726042985,189391.7709379052,0.33463196963152797
19,0.15,84.72962578363492,188835.95734103097,0.3344694400358167
19.1,0.15,84.9624951895461,188318.38641632386,0.3343709977754805
19.200000000000003,0.15,85.19673714981423,187800.61931086393,0.33423183380302973
19.3,0.15,85.43859333005851,187269.0007686605,0.3341017421190032
19.4,0.15,85.66827859855886,186766.91374850573,0.33402087469174097
19.5,0.15,85.92430231538454,186210.41508457193,0.33384487883035036
19.6,0.15,86.14882507660855,185725.1098406957,0.33378720479664714
19.700000000000003,0.15,86.39269648996685,185200.8404652371,0.33367937954695503
19.8,0.15,86.64201503915027,184667.91189898114,0.3335467036692767
19.9,0.15,86.88700781472969,184147.20914451344,0.33341005588121914
8,0.25,68.96693899757503,231995.21731075496,0.30246438937466114
8.1,0.25,68.94070433453311,232083.50066109543,0.3035632420047963
8.2,0.25,68.91709114361721,232163.01986190036,0.3046445859563559
8.3,0.25,68.90647708696841,232198.78125253803,0.30566516933076904
8.4,0.25,68.89092258585202,232251.2081335645,0.30670785366916137
8.5,0.25,68.89437647084752,232239.56467289256,0.30767386989571793
8.6,0.25,68.8868188301882,232265.0439039919,0.30867751282608374
8.7,0.25,68.9010398710277,232217.1048499351,0.30958704838318396
8.8,0.25,68.9037716516718,232207.89829741916,0.310530868310321
8.9,0.25,68.91863671834004,232157.81335590777,0.3114283206978522
9,0.25,68.9401998062277,232085.19912868956,0.3123087477081036
9.1,0.25,68.9553603171714,232034.1729258668,0.3132031646675081
9.2,0.25,68.98681531935375,231928.3753849602,0.31401107408892814
9.3,0.25,69.01143419042793,231845.63815686127,0.3148401468166312
9.4,0.25,69.04118315126206,231745.73884323015,0.3156593372390217
9.5,0.25,69.08214197776567,231608.3367123975,0.3164333498818735
9.6,0.25,69.12180225972168,231475.4459075128,0.31720030593408194
9.7,0.25,69.15623018693431,231360.21088412192,0.317991832953961
9.8,0.25,69.20339602691993,231202.52644503233,0.3187255128422831
9.9,0.25,69.25632186296504,231025.84095728645,0.3194253795746371
10,0.25,69.30139774964167,230875.57422437027,0.3201704861354098
10.1,0.25,69.36006268006606,230680.29903321248,0.3208418718893818
10.2,0.25,69.4193044393295,230483.4387095242,0.32150848224744644
10.3,0.25,69.47911756611906,230285.0203123805,0.32217038136750437
10.4,0.25,69.53951502717099,230085.0098501314,0.3228365846265155
10.5,0.25,69.60600890152489,229865.21210598358,0.3234510121387206
10.6,0.25,69.67280563767501,229644.83565088597,0.3240750234577696
10.7,0.25,69.7418952666146,229417.33858585267,0.32468448505321257
10.8,0.25,69.8101552887372,229193.0154548926,0.32530694931980136
10.9,0.25,69.88768653118684,228938.7557972766,0.32587461415505997
11,0.25,69.96049557836136,228700.49544001181,0.326441267369917
11.1,0.25,70.03885523116601,228444.62473281962,0.32700174098715484
11.2,0.25,70.12762746192027,228155.44428175752,0.32751176324010106
11.3,0.25,70.20184799920912,227914.22812943973,0.3280978190671423
11.4,0.25,70.28836442162495,227633.6934520763,0.32861018461149416
11.5,0.25,70.38185751143793,227331.31187109975,0.3290962695635648
11.6,0.25,70.47059146909233,227045.06470642347,0.3295857567330795
11.7,0.25,70.55842912772884,226762.41801012747,0.3300916803794198
11.8,0.25,70.65822933695202,226442.13066392968,0.3305503418762778
11.9,0.25,70.75484390440657,226132.92768501933,0.33099968721901296
12,0.25,70.8471225349106,225838.38873788906,0.33148015164062544
12.100000000000001,0.25,70.95271639811662,225502.28958428864,0.3318968032625681
12.2,0.25,71.15789435360598,224852.0722169063,0.3319966723204585
12.3,0.25,71.24834143413199,224566.63099718268,0.3324687950282127
12.4,0.25,71.35369111607598,224235.07109073998,0.33287489481948335
12.5,0.25,71.45396859584463,223920.3827921529,0.33330322610654367
12.600000000000001,0.25,71.56009196641696,223588.30963365413,0.33370659878438624
12.7,0.25,71.66414842466716,223263.6590500909,0.3341144590961507
12.8,0.25,71.77858692273556,222907.70389813944,0.3344593288317258
12.9,0.25,71.88647238022607,222573.16947438844,0.33485457708325345
13,0.25,72.00441859162662,222208.58543062577,0.3351511704451361
13.100000000000001,0.25,72.11537669214515,221866.69104292052,0.3355336967656541
13.2,0.25,72.22433583714823,221531.97830821006,0.33591246139731207
13.3,0.25,72.34255857777221,221169.94912198363,0.33623304325086223
13.4,0.25,72.46871048391556,220784.94143415458,0.33652992531392006
13.5,0.25,72.59052107621243,220414.45305512656,0.3368548785090722
13.600000000000001,0.25,72.71479617612144,220037.74804300675,0.3371583547950839
13.7,0.25,72.84075325060036,219657.25621965787,0.33746945490097163
13.8,0.25,72.96840917863652,219272.97278511088,0.33774293530038885
13.9,0.25,73.10177611622099,218872.93100187293,0.337991188382845
14,0.25,73.23219727294448,218483.13441103284,0.3382627948943329
14.100000000000001,0.25,73.24496008427387,218445.06409165612,0.33890540204208036
14.2,0.25,73.38598702403841,218025.27497189646,0.3391762899151613
14.3,0.25,73.52990682530798,217598.53494732053,0.33939011054334306
14.4,0.25,73.67066336514941,217182.7871386991,0.33961795862192784
14.5,0.25,73.81726344642065,216751.46507718213,0.3398183348411662
14.600000000000001,0.25,73.96254346796464,216325.71366248475,0.3400049040658981
14.7,0.25,74.11251126906593,215887.9752692754,0.34017602911388867
14.8,0.25,74.25699254014502,215467.92366186975,0.3403994619420631
14.9,0.25,74.40974156757258,215025.6090524137,0.3405703408764574
15,0.25,74.56665909993632,214573.1107324569,0.34073532335700785
15.100000000000001,0.25,74.71014643699024,214161.00440245064,0.34094772925591543
15.2,0.25,74.85702510042628,213740.79424789865,0.3411283311801202
15.3,0.25,75.01679832190851,213285.56213958323,0.34126615986384157
15.4,0.25,75.17842883089102,212827.00701275573,0.34141387312399607
15.5,0.25,75.32625876583487,212409.32793089934,0.34162409488263024
15.600000000000001,0.25,75.49564529758544,211932.75369634765,0.341717736762878
15.7,0.25,75.65052238122925,211498.8700193033,0.3418629081339024
15.8,0.25,75.81990518897982,211026.3783648934,0.3419567585849782
15.9,0.25,75.97731522466866,210589.17326424623,0.3421187680491104
16,0.25,76.14505239294131,210125.2740287458,0.3422226994304558
16.1,0.25,76.31662891405139,209652.86632379127,0.34230696448241976
16.200000000000003,0.25,76.58880347963998,208907.8203742061,0.34209819119778334
16.3,0.25,76.7471105462879,208476.9040308044,0.34223283247168457
16.4,0.25,76.90795966086357,208040.88511194737,0.34236008140170127
16.5,0.25,77.08097917675524,207573.90695972124,0.342433290576575
16.6,0.25,77.25414302393698,207108.63357894536,0.342506112506418
16.700000000000003,0.25,77.42924123183991,206640.27885915266,0.34256814504984107
16.8,0.25,77.58683739943964,206220.54637473286,0.34271032374919236
16.9,0.25,77.76068751649888,205759.49764596924,0.3427962275149801
17,0.25,77.95077165969302,205257.74997905915,0.3427957320099413
17.1,0.25,78.13205044279677,204781.519355033,0.3428345172280278
17.200000000000003,0.25,78.30868646997848,204319.60643515564,0.34289410936511316
17.3,0.25,78.47301353104555,203891.74927849646,0.3430078982189184
17.4,0.25,78.65067293689371,203431.19012901245,0.343063730586285
17.5,0.25,78.84934414374526,202918.61871205183,0.3430546225516873
17.6,0.25,79.03748595188624,202435.58872482277,0.3430474369891513
17.700000000000003,0.25,79.21226005638766,201988.9343974066,0.34311746617729333
17.8,0.25,79.39392998831593,201526.74143167684,0.3431741131826472
17.9,0.25,79.58858551605907,201033.85298601122,0.3431591480734786
18,0.25,79.76446626249918,200590.57309234838,0.3432257743123349
18.1,0.25,79.9598962685691,200100.30961344973,0.34320459595691855
18.200000000000003,0.25,80.14379883963309,199641.14793230395,0.3432218580247837
18.3,0.25,80.33815358170213,199158.17437512244,0.34323320243657623
18.4,0.25,80.54139504103398,198655.61047022304,0.34318560260711545
18.5,0.25,80.72938215895623,198193.01934574434,0.34320388448076133
18.6,0.25,80.47884983437906,198809.99831542198,0.3444456382089968
18.700000000000003,0.25,80.68922087267862,198291.66556517838,0.3443541289605931
18.8,0.25,80.88181515230217,197819.4971251778,0.3443758598767349
18.9,0.25,81.09283543340437,197304.72999849205,0.3443034365094157
19,0.25,81.30493573046493,196790.02087944341,0.34422775238231856
19.1,0.25,81.51086221739847,196292.85674007758,0.34419644912637404
19.200000000000003,0.25,81.71778545157112,195795.81007468895,0.3441679486494084
19.3,0.25,81.93968214203888,195265.5853883433,0.34405473078065874
19.4,0.25,82.13846664237042,194793.02029904875,0.3440398732061394
19.5,0.25,82.36436172825213,194258.77484232085,0.3439070806850918
19.6,0.25,82.57836025498902,193755.3609758599,0.34383130502979187
19.700000000000003,0.25,82.79467610341659,193249.14056085964,0.34370926295474447
19.8,0.25,82.9984172820974,192774.76033812476,0.343679124272933
19.9,0.25,83.22502279223765,192249.87225227064,0.3435557429894252
8,0.35,68.13731183462954,234819.94767906726,0.30512836299415347
8.1,0.35,68.10167930879065,234942.81143129902,0.3062640986722635
8.2,0.35,68.07159046332266,235046.66030421143,0.30737619851364495
8.3,0.35,68.05508318911015,235103.67264616382,0.30842093184488795
8.4,0.35,68.03788211148533,235163.1106591878,0.3094654994133549
8.5,0.35,68.02806528794638,235197.0459879443,0.3104840737564709
8.6,0.35,68.01802884975955,235231.75061925605,0.31149723745044616
8.7,0.35,68.08243967817045,235009.20465883578,0.3122516612697557
8.8,0.35,68.07981760558545,235018.255963825,0.31322331901410133
8.9,0.35,68.07830776009236,235023.46821521953,0.3141725318222866
9,0.35,68.08411589096366,235003.41879483187,0.3150965532302117
9.1,0.35,68.09350352862019,234971.02030115228,0.31601769946412717
9.2,0.35,68.11068809551611,234911.73628377012,0.3168875293197706
9.3,0.35,68.1273015622522,234854.4509043822,0.31774742033322556
9.4,0.35,68.15015071463596,234775.70969720295,0.31856840608310444
9.5,0.35,68.16815131793875,234713.7144056528,0.31942578996377063
9.6,0.35,68.19770222715985,234612.01004552282,0.32023543046733105
9.7,0.35,68.23020945895018,234500.23276897884,0.321009574919569
9.8,0.35,68.2655005712179,234379.00353939427,0.32178832180153655
9.9,0.35,68.3022411928797,234252.92816991705,0.3225524986324709
10,0.35,68.34548074537845,234104.7253674037,0.32327866380441433
10.1,0.35,68.31738519210404,234201.0010337638,0.32425478115269174
10.2,0.35,68.37033561322413,234019.6205926667,0.32493985197507447
10.3,0.35,68.42295534067011,233839.65104017823,0.3256244229046549
10.4,0.35,68.47839917267727,233650.3217555349,0.32629355544404187
10.5,0.35,68.53963593282563,233441.56679911882,0.32694237259945985
10.6,0.35,68.60211645080817,233228.95601148048,0.32757065985196865
10.7,0.35,68.66241384209236,233024.1409338782,0.3282044671376107
10.8,0.35,68.72246767114028,232820.51041247946,0.32883973166658903
10.9,0.35,68.78354857736981,232613.7620248353,0.32947253003188487
11,0.35,68.86084868285354,232352.64023087802,0.330035345303352
11.1,0.35,68.93253529030181,232111.00436996485,0.33061341784579806
11.2,0.35,69.00065934629549,231881.8421676286,0.3311854194667613
11.3,0.35,69.0842862532611,231601.14792739463,0.3317029860249329
11.4,0.35,69.15611535264256,231360.59505963296,0.3322855914650727
11.5,0.35,69.2410829801621,231076.6861428796,0.3327929992219225
11.6,0.35,69.38028255165341,230613.07062403572,0.33312335751405614
11.7,0.35,69.45902810547571,230351.6250717401,0.3336522886864409
11.8,0.35,69.5337045453973,230104.23656564837,0.33418876661911723
11.9,0.35,69.62180205758774,229813.06899763359,0.3346803031207983
12,0.35,69.71297623706344,229512.50776600002,0.3351320953780869
12.100000000000001,0.35,69.79916236439425,229229.11189779371,0.33561908540155766
12.2,0.35,69.89197109648605,228924.72123746458,0.33607268894043274
12.3,0.35,69.98506006690116,228620.22244040432,0.33652343264461704
12.4,0.35,70.08219019548262,228303.36716604687,0.3369643142722835
12.5,0.35,70.17860033914401,227989.72796092613,0.33738316533552026
12.600000000000001,0.35,70.27853405505984,227665.53422222455,0.33779387092998187
12.7,0.35,70.37921067260653,227339.86140352706,0.33820264849380566
12.8,0.35,70.48507723796094,226998.4034490485,0.3385889357080634
12.9,0.35,70.58055591216286,226691.32869840125,0.3390199560155814
13,0.35,70.68531825269883,226355.3506656116,0.33939156267290793
13.100000000000001,0.35,70.79330769859182,226010.06394730535,0.33976798337937575
13.2,0.35,70.90497397011744,225654.12698329348,0.340105964847664
13.3,0.35,70.78714246137459,226029.74839294428,0.34114860375930617
13.4,0.35,70.8992146245323,225672.45751215605,0.3415118183927569
13.5,0.35,71.02014930819969,225288.17745181377,0.3418192746341661
13.600000000000001,0.35,71.13824698322466,224914.17315601005,0.3421252870282497
13.7,0.35,71.26340637109448,224519.15807507405,0.34240754703861725
13.8,0.35,71.38638565430944,224132.37276755326,0.3427150290175851
13.9,0.35,71.51336444484397,223734.4043901095,0.34299002666762396
14,0.35,71.64367707880734,223327.45403896781,0.34326489791082904
14.100000000000001,0.35,71.77336672276301,222923.91635748054,0.3435127402319572
14.2,0.35,71.90264066985016,222523.1208609705,0.34376396323520847
14.3,0.35,72.0270332293789,222138.81764428702,0.34404850975464407
14.4,0.35,72.16205508362123,221723.1754480833,0.344281617777758
14.5,0.35,72.29573774819004,221313.18523546803,0.34456379342173477
14.600000000000001,0.35,72.43840146115606,220877.32027852305,0.34475897982155573
14.7,0.35,72.58094051095405,220443.54740188646,0.34495430244965775
14.8,0.35,72.70703807147974,220061.22686871223,0.3452117447305327
14.9,0.35,72.85274239678759,219621.10791735293,0.3453869643563644
15,0.35,73.00783769439015,219154.55251497505,0.34550487849148637
15.100000000000001,0.35,73.14633560544063,218739.59737786127,0.3457361865742226
15.2,0.35,73.28486642190447,218326.11262313338,0.34594884350453603
15.3,0.35,73.4409757829222,217862.0290570895,0.34609190265335793
15.4,0.35,73.58446024322116,217437.21360616994,0.3462804349773399
15.5,0.35,73.72869783931,217011.8348607164,0.34644896596716446
15.600000000000001,0.35,73.88706224087464,216546.7067541458,0.34656740824844445
15.7,0.35,74.04459020747845,216086.00918941965,0.3467084628135488
15.8,0.35,74.19169422317978,215657.56339071586,0.3468982390160833
15.9,0.35,74.34743087213712,215205.8223439736,0.34702855332747246
16,0.35,74.51165527939216,214731.5066348439,0.34710497418928105
16.1,0.35,74.65029374400814,214332.71320897184,0.3473149955443594
16.200000000000003,0.35,74.81357803076862,213864.92159778363,0.3474246704739033
16.3,0.35,74.96707253630657,213427.03481253312,0.34756809617514645
16.4,0.35,75.13625796641239,212946.45798240794,0.3476363145643038
16.5,0.35,75.30495028914018,212469.43180450355,0.3477071034191083
16.6,0.35,75.46602598618017,212015.93420236578,0.34780933754695054
16.700000000000003,0.35,75.62631325368432,211566.57400882256,0.3479193998829616
16.8,0.35,75.79704281838646,211090.02944002458,0.3479816915431319
16.9,0.35,75.96410277060296,210625.80108813941,0.34806117096456873
17,0.35,76.1393423019658,210141.0324316251,0.348118906547552
17.1,0.35,76.30713222902612,209678.9583439991,0.34819333399897245
17.200000000000003,0.35,76.48324429389446,209196.1467863263,0.34821737351537674
17.3,0.35,76.65425292120908,208729.4493163476,0.3482959981038723
17.4,0.35,76.82920300277691,208254.14522940837,0.34834168125936416
17.5,0.35,77.0056712267145,207776.9045463413,0.34838101830004203
17.6,0.35,77.18644187976662,207290.29101928565,0.3484014958849484
17.700000000000003,0.35,77.36558813634646,206810.29363858968,0.3484299466693845
17.8,0.35,77.5465908125681,206327.57458896382,0.3484772308068289
17.9,0.35,77.7302736690894,205840.0060202366,0.3484864442504423
18,0.35,77.91356465773521,205355.76918199097,0.34847959529233
18.1,0.35,78.09143916963302,204888.01551274047,0.34851646624490923
18.200000000000003,0.35,78.28161303697202,204390.269684955,0.348515375548867
18.3,0.35,78.77788433727737,203102.68718944088,0.34762511727676654
18.4,0.35,78.9681513448791,202613.3286332473,0.3475847692871216
18.5,0.35,79.1377169169115,202179.19625857752,0.34765728776418503
18.6,0.35,79.32480448377049,201702.35658473673,0.3476755515441744
18.700000000000003,0.35,79.50597326378933,201242.74118265696,0.34769831894591446
18.8,0.35,79.69671439069019,200761.09940448246,0.3476800228749117
18.9,0.35,79.89775974220922,200255.927720929,0.3475982640639279
19,0.35,80.09278990899506,199768.29397727188,0.34758042306104064
19.1,0.35,80.28747336258358,199283.88987585812,0.3475481084355832
19.200000000000003,0.35,80.4721358887184,198826.5854174138,0.34756007045277265
19.3,0.35,80.66762595560957,198344.74871994634,0.34754336906753014
19.4,0.35,80.87698989104555,197831.2993789037,0.3474507314551243
19.5,0.35,81.0689125143189,197362.95336605114,0.3474572638648722
19.6,0.35,81.26576691127396,196884.87056879455,0.3474204691068143
19.700000000000003,0.35,81.47197020918951,196386.56041971236,0.3473390481835349
19.8,0.35,81.68099821063848,195883.9919994525,0.3472527816345076
19.9,0.35,81.88193484185443,195403.2965989649,0.3472021670326768
8,0.45000000000000007,67.40740665875619,237362.63999887332,0.3074162288478478
8.1,0.45000000000000007,67.3734313356418,237482.33810878653,0.3085418306341572
8.2,0.45000000000000007,67.34280483874426,237590.3415118038,0.30965321187208805
8.3,0.45000000000000007,67.31629059095424,237683.92256227546,0.3107398000877055
8.4,0.45000000000000007,67.29269655992887,237767.25882504764,0.31182113360295877
8.5,0.45000000000000007,67.28146929014068,237806.93508642825,0.3128347870740311
8.6,0.45000000000000007,67.26683561355634,237858.6691950098,0.3138720357807078
8.7,0.45000000000000007,67.2676895693246,237855.64960590407,0.31483048980776607
8.8,0.45000000000000007,67.2642079581279,237867.9610701732,0.3158048709842578
8.9,0.45000000000000007,67.27019427633734,237846.79339967493,0.31674063635363114
9,0.45000000000000007,67.31293898702282,237695.75717210356,0.31753750075737874
9.1,0.45000000000000007,67.32247853946524,237662.07583430858,0.31844091984288014
9.2,0.45000000000000007,67.32890743857357,237639.38267671046,0.31937303559257213
9.3,0.45000000000000007,67.34315862820694,237589.0933232576,0.32025285106563367
9.4,0.45000000000000007,67.36394731638924,237515.77271522649,0.3210888400255749
9.5,0.45000000000000007,67.38685982433744,237435.01391381706,0.32190492043977265
9.6,0.45000000000000007,67.4125912590906,237344.38479758627,0.3227213273545566
9.7,0.45000000000000007,67.44360304420626,237235.24956863173,0.3235189045254757
9.8,0.45000000000000007,67.47409597067585,237128.0380985553,0.32429709642351
9.9,0.45000000000000007,67.510173425317,237001.31681190195,0.3250665537058973
10,0.45000000000000007,67.53990282116749,236896.99469015945,0.3258588449902311
10.1,0.45000000000000007,67.58371708338514,236743.41528535812,0.32657825263747353
10.2,0.45000000000000007,67.62384922146609,236602.91722821747,0.3273111410986584
10.3,0.45000000000000007,67.67739348844663,236415.72429546065,0.32798844577535513
10.4,0.45000000000000007,67.57741325203222,236765.49944768476,0.32916943718172204
10.5,0.45000000000000007,67.63660007126657,236558.31285341518,0.3298120928874589
10.6,0.45000000000000007,67.69307381932138,236360.96128099266,0.3304660151959213
10.7,0.45000000000000007,67.75354439797475,236150.00723826728,0.33110782379277354
10.8,0.45000000000000007,67.82059114126211,235916.55175452438,0.3316934383706915
10.9,0.45000000000000007,67.87789877615668,235717.3732316576,0.3323381919387131
11,0.45000000000000007,67.9446968930727,235485.63363495228,0.3329326025208398
11.1,0.45000000000000007,68.00618148409227,235272.73037293906,0.33356273595767505
11.2,0.45000000000000007,68.07646408461247,235029.83321979744,0.3341379277887734
11.3,0.45000000000000007,68.14778897353874,234783.84612320553,0.3347062222322305
11.4,0.45000000000000007,68.2259565901092,234514.85035417645,0.3352176689838737
11.5,0.45000000000000007,68.30063086001742,234258.45118168968,0.335766445996361
11.6,0.45000000000000007,68.38207125675254,233979.45844496548,0.3362904888948774
11.7,0.45000000000000007,68.4665008208161,233690.92633890628,0.33679815371381344
11.8,0.45000000000000007,68.54744640793724,233414.9678571736,0.3372995493637046
11.9,0.45000000000000007,68.63461506842889,233118.5216679362,0.337776738196502
12,0.45000000000000007,68.72338166433516,232817.4139938081,0.33823753821972236
12.100000000000001,0.45000000000000007,68.81161695225939,232518.87847804234,0.3387208183935539
12.2,0.45000000000000007,68.9030294471734,232210.39957708807,0.33916338502818305
12.3,0.45000000000000007,68.99653294636948,231895.71007048554,0.33960710547260464
12.4,0.45000000000000007,69.09306586672595,231571.71851170278,0.3400344781073789
12.5,0.45000000000000007,69.17507663074095,231297.17781750468,0.3405319225157514
12.600000000000001,0.45000000000000007,69.27549281191409,230961.90803637702,0.34093730262328026
12.7,0.45000000000000007,69.37478225816196,230631.35449506363,0.3413451237082012
12.8,0.45000000000000007,69.48431073610566,230267.80909961637,0.34170032716896126
12.9,0.45000000000000007,69.58100730658742,229947.8064394914,0.34212042710244506
13,0.45000000000000007,69.69029486972259,229587.2047881276,0.34248121926593267
13.100000000000001,0.45000000000000007,69.7919022087409,229252.95763032124,0.3428746649624039
13.2,0.45000000000000007,69.90907592734932,228868.70964547532,0.34317681342974266
13.3,0.45000000000000007,70.01818326840116,228512.07005281892,0.3435392449248527
13.4,0.45000000000000007,70.13214563109788,228140.7456740537,0.3438569649149816
13.5,0.45000000000000007,70.24127657389576,227786.29290951963,0.3441771075317292
13.600000000000001,0.45000000000000007,70.35322623544026,227423.82767856691,0.34452654148212025
13.7,0.45000000000000007,70.4746594096041,227031.9592040421,0.3448164567988452
13.8,0.45000000000000007,70.59484021352885,226645.45952090342,0.3450974564870864
13.9,0.45000000000000007,70.71704884589236,226253.78548908958,0.345391307778788
14,0.45000000000000007,70.83852083698444,225865.81158039198,0.3456786151735032
14.100000000000001,0.45000000000000007,70.95916346998327,225481.80132884777,0.3459860222260864
14.2,0.45000000000000007,71.09329769925623,225056.3768709155,0.34619723657999285
14.3,0.45000000000000007,71.39583149541704,224102.71951279193,0.3458911949227962
14.4,0.45000000000000007,71.51209225361512,223738.3845973428,0.34619625698306905
14.5,0.45000000000000007,71.63815525390729,223344.6679816246,0.34645311516200117
14.600000000000001,0.45000000000000007,71.76601346364828,222946.7574941236,0.3467443333729555
14.7,0.45000000000000007,71.90442856958764,222517.58783557438,0.3469398695470774
14.8,0.45000000000000007,72.03616731082852,222110.6507646593,0.34716707331629
14.9,0.45000000000000007,72.1660952360627,221710.7624801142,0.3474024285543205
15,0.45000000000000007,72.29904057922457,221303.07500370435,0.34760278977889547
15.100000000000001,0.45000000000000007,72.43422616021327,220890.05223318716,0.3477986067017679
15.2,0.45000000000000007,72.57193391567476,220470.9057166819,0.3480100819289738
15.3,0.45000000000000007,72.72089478174975,220019.2949773138,0.34815265558229674
15.4,0.45000000000000007,72.85183416555378,219623.84589577306,0.34839499263058227
15.5,0.45000000000000007,72.99993876396385,219178.2660494277,0.3485409008810852
15.600000000000001,0.45000000000000007,73.13725436668959,218766.75763326455,0.3487380392648863
15.7,0.45000000000000007,73.28324606314331,218330.9400106794,0.34887733422402706
15.8,0.45000000000000007,73.4336777579249,217883.6807376612,0.34903069893190625
15.9,0.45000000000000007,73.5752352298905,217464.47632830509,0.3492212914330673
16,0.45000000000000007,73.73024998908161,217007.26638481993,0.3493382644381108
16.1,0.45000000000000007,73.87627532922971,216578.32543256925,0.3494929382881189
16.200000000000003,0.45000000000000007,74.02120899443743,216154.2646676086,0.3496382316915892
16.3,0.45000000000000007,74.17619129895671,215702.6361129038,0.349765112735183
16.4,0.45000000000000007,74.32407045346062,215273.46258596928,0.34989356996324306
16.5,0.45000000000000007,74.47775313990753,214829.25203105644,0.35003175303665024
16.6,0.45000000000000007,74.64539601161631,214346.77629026285,0.3500847002598105
16.700000000000003,0.45000000000000007,74.79328457826132,213922.94896820726,0.35023043106821233
16.8,0.45000000000000007,74.9583442160065,213451.88674249535,0.35029191096639944
16.9,0.45000000000000007,75.1227015289148,212984.88571848796,0.3503609905814846
17,0.45000000000000007,75.25688807145737,212605.1237304391,0.35057084038658465
17.1,0.45000000000000007,75.42012099826387,212144.97919419024,0.3506454439052726
17.200000000000003,0.45000000000000007,75.5843172938234,211684.124073017,0.3507313121974982
17.3,0.45000000000000007,75.74664609139704,211230.47455717262,0.3508082379954865
17.4,0.45000000000000007,75.92129598217674,210744.55846691754,0.3508155657839016
17.5,0.45000000000000007,76.08374363866984,210294.59428266014,0.35091080135002484
17.6,0.45000000000000007,76.24613849435133,209846.69277625586,0.35099097690642006
17.700000000000003,0.45000000000000007,76.41998633396445,209369.31249997995,0.35101886550466826
17.8,0.45000000000000007,76.59066666790918,208902.73836333977,0.3510618254124814
17.9,0.45000000000000007,76.76574109043642,208426.30804737064,0.3510851881687352
18,0.45000000000000007,76.93787265008976,207960.00004792612,0.3511493418184673
18.1,0.45000000000000007,77.11561562239001,207480.67522856558,0.3511615344881952
18.200000000000003,0.45000000000000007,77.29377048317556,207002.45181444086,0.35115378628277694
18.3,0.45000000000000007,77.46968440968885,206532.4019572092,0.3511758602026044
18.4,0.45000000000000007,77.64134853983823,206075.7611878715,0.35123412034908447
18.5,0.45000000000000007,77.82924498852542,205578.25021120178,0.35120320766916546
18.6,0.45000000000000007,78.00774397544008,205107.84166553302,0.35121551337103657
18.700000000000003,0.45000000000000007,78.18789690514907,204635.25217221078,0.35120003341744227
18.8,0.45000000000000007,78.37192878240727,204154.73050845266,0.35118919199431614
18.9,0.45000000000000007,78.55186762650813,203687.0730569446,0.3512197836504163
19,0.45000000000000007,78.738759014623,203203.60900060102,0.3511977310304336
19.1,0.45000000000000007,78.6945098899793,203317.8683286696,0.35183491526541916
19.200000000000003,0.45000000000000007,78.88105798253059,202837.0360288961,0.3517994939139658
19.3,0.45000000000000007,79.07800933101795,202331.850983053,0.3517559773675273
19.4,0.45000000000000007,79.277711395621,201822.1731976458,0.35168424813033244
19.5,0.45000000000000007,79.47898159543197,201311.08475249505,0.35160684824420096
19.6,0.45000000000000007,79.66395441498568,200843.6578060481,0.3516026696589167
19.700000000000003,0.45000000000000007,79.85134014863736,200372.34153136544,0.35160609972978935
19.8,0.45000000000000007,80.0586838236239,199853.39798052845,0.35152882973825317
19.9,0.45000000000000007,80.25318631467023,199369.03112188593,0.3514857328661712
8,0.55,66.87094794129948,239266.83399261945,0.30906370310565734
8.1,0.55,66.83072049927182,239410.8559726561,0.3102057745144772
8.2,0.55,66.79035472655721,239555.54758624558,0.3113587485487024
8.3,0.55,66.75872159681326,239669.0592224247,0.3124676901975733
8.4,0.55,66.7380523489345,239743.28642893708,0.3135288157921677
8.5,0.55,66.618869128502,240172.1945945584,0.31490153203255467
8.6,0.55,66.61112466719493,240200.1179223413,0.3158976039765556
8.7,0.55,66.60389656386084,240226.18533525217,0.3168990010518159
8.8,0.55,66.60576963312953,240219.4297600556,0.3178504385094573
8.9,0.55,66.60426642001427,240224.8513496438,0.3188136152154134
9,0.55,66.61147697979081,240198.8474877118,0.3197410369752641
9.1,0.55,66.61318024542452,240192.70572356432,0.3206728493180421
9.2,0.55,66.62786606873875,240139.76349614875,0.32155316912816456
9.3,0.55,66.6480755489112,240066.94669312754,0.3224209045360781
9.4,0.55,66.66847356719977,239993.4953343801,0.3232722083508289
9.5,0.55,66.69162808065205,239910.17254295773,0.3240972433106962
9.6,0.55,66.7202819160922,239807.1402054579,0.3249019375750644
9.7,0.55,66.7494201271373,239702.4568831441,0.32568588304779966
9.8,0.55,66.78324888264301,239581.03667757328,0.3264696569153275
9.9,0.55,66.82238828939738,239440.70856471764,0.32721395743498755
10,0.55,66.8616326061591,239300.16926517774,0.32795883535981885
10.1,0.55,66.9032486863179,239151.31647818015,0.32868991269952397
10.2,0.55,66.95142996653856,238979.21236329962,0.3293896120245695
10.3,0.55,66.98715297129401,238851.7691870929,0.33014337956255013
10.4,0.55,67.03961103709847,238664.8692091292,0.33082429894849574
10.5,0.55,67.09412021708697,238470.9710512793,0.33148393182041563
10.6,0.55,67.15021434099874,238271.76364247518,0.33213378556675244
10.7,0.55,67.20593698079325,238074.20473242758,0.3327835653077092
10.8,0.55,67.26853633325992,237852.65552283233,0.33340680080909313
10.9,0.55,67.33586665601999,237614.8224501921,0.3339823557100246
11,0.55,67.3968352339474,237399.87114322084,0.3346036956279718
11.1,0.55,67.45624918870142,237190.77464923618,0.33522368194845
11.2,0.55,67.53078662534591,236928.97416946155,0.3357710252010807
11.3,0.55,67.60326284784779,236674.966946649,0.336336537599193
11.4,0.55,67.67270814074756,236432.0926350806,0.33690546180719494
11.5,0.55,67.74720809742131,236172.0940144398,0.3374258044972908
11.6,0.55,67.82609244174627,235897.41681996355,0.33794472215554905
11.7,0.55,68.01745547767389,235233.7335708163,0.3381030692812407
11.8,0.55,68.08517782908835,234999.75339954603,0.33868008657113113
11.9,0.55,68.16311181491055,234731.0674936063,0.3391792840419165
12,0.55,68.2431767442851,234455.67400758338,0.33968140016074244
12.100000000000001,0.55,68.33339119068798,234146.14321351543,0.3401209025943446
12.2,0.55,68.41651793803895,233861.65332895654,0.3406156869050723
12.3,0.55,68.50314289837264,233565.92592746712,0.34106781529230146
12.4,0.55,68.59352237407312,233258.17724805538,0.34151278537423824
12.5,0.55,68.69031089420884,232929.50332750543,0.3419244065769496
12.600000000000001,0.55,68.77859091162678,232630.52917961506,0.3423769739071185
12.7,0.55,68.87643327152077,232300.06607522353,0.34279181228207717
12.8,0.55,68.97129963686595,231980.54965239216,0.3431956264201056
12.9,0.55,69.07000841417474,231649.0234669848,0.3435894000917392
13,0.55,69.16923334242158,231316.71737334668,0.3439824090671612
13.100000000000001,0.55,69.27437751211954,230965.6264641397,0.34434861199544764
13.2,0.55,69.37859224717424,230618.68916274633,0.3447143020276173
13.3,0.55,69.48145803155434,230277.26321940098,0.34507169106804036
13.4,0.55,69.58361849809188,229939.1774292214,0.3454534274460896
13.5,0.55,69.69394642718305,229575.17575385064,0.3457735184195605
13.600000000000001,0.55,69.80913526623425,229196.36432939727,0.3460482066725679
13.7,0.55,69.91944437539567,228834.77039800858,0.3463904352654176
13.8,0.55,70.03273491167467,228464.5890265347,0.3467046893648934
13.9,0.55,70.13134472242051,228143.351069738,0.3470763103197707
14,0.55,70.24607915065651,227770.71963952406,0.34737844441704685
14.100000000000001,0.55,70.36675224514346,227380.11190653298,0.34766619439105406
14.2,0.55,70.4906875480623,226980.33678690967,0.3479244069443889
14.3,0.55,70.61433871952697,226582.8766527204,0.34820015582142716
14.4,0.55,70.73324018472655,226201.9943977469,0.3484688512546872
14.5,0.55,70.85748808892744,225805.3514389292,0.3487126019741324
14.600000000000001,0.55,70.98888084619051,225387.4101025303,0.34893142903497093
14.7,0.55,71.11807725185206,224977.9608542964,0.34916045777094984
14.8,0.55,71.24609631566014,224573.70757705843,0.34943865691567905
14.9,0.55,71.37804488021108,224158.56341892964,0.34965267212962137
15,0.55,71.50914478815723,223747.60665086002,0.349870323596961
15.100000000000001,0.55,71.64607864410945,223319.96813778832,0.3500589628942606
15.2,0.55,71.77468250515366,222919.82968856944,0.3502678144230728
15.3,0.55,71.91509343810843,222484.58890997508,0.3504253689739696
15.4,0.55,72.04887784071569,222071.46703065245,0.3506432488702969
15.5,0.55,72.18571956198171,221650.48844961257,0.3508311645963986
15.600000000000001,0.55,72.32792947125773,221214.68313783561,0.3510066141561643
15.7,0.55,72.33672184687126,221187.79496076982,0.35157871498181154
15.8,0.55,72.47719143798882,220759.10617603792,0.35175147550182934
15.9,0.55,72.63113364460641,220291.20567345244,0.3518423704099817
16,0.55,72.7720603252627,219864.60089883735,0.35201288263554964
16.1,0.55,72.91859426115737,219422.77086001038,0.3521751461967843
16.200000000000003,0.55,73.06266015645788,218990.1102113894,0.3523492615675345
16.3,0.55,73.21816151177862,218525.01714927758,0.3524489565308966
16.4,0.55,73.37787167213773,218049.38785210572,0.3525139969335889
16.5,0.55,73.5349055849908,217583.74302265723,0.3526067479705264
16.6,0.55,73.69116344324553,217122.36925561182,0.3527179605865443
16.700000000000003,0.55,73.84685708048681,216664.60337724807,0.35282007187948855
16.8,0.55,73.99275800453076,216237.3782447774,0.3529664190675464
16.9,0.55,74.15602430547612,215761.29720884273,0.3530301055894059
17,0.55,74.30431871730245,215330.68704759216,0.3531612554806232
17.1,0.55,74.4642406809258,214868.23546027832,0.35324142364431244
17.200000000000003,0.55,74.62151757623178,214415.36596538304,0.35333441624769396
17.3,0.55,74.79585701693689,213915.59155979636,0.35334704967274594
17.4,0.55,74.95974548472485,213447.8965548309,0.3534044130050374
17.5,0.55,75.12102379263351,212989.64247567917,0.35349784172966114
17.6,0.55,75.28724703399729,212519.39246463505,0.35353462885483505
17.700000000000003,0.55,75.46411794041715,212021.29484416466,0.35355339273953695
17.8,0.55,75.63402145897167,211545.01230216006,0.3535896646372587
17.9,0.55,75.80431883993133,211069.76811948745,0.3536246637826907
18,0.55,75.9727526241668,210601.82035460995,0.3536689196621012
18.1,0.55,76.14332197118765,210130.0493043151,0.35370380879941865
18.200000000000003,0.55,76.3254871623583,209628.53425311347,0.3537071564177586
18.3,0.55,76.50486351779448,209137.0308278312,0.35370788941950626
18.4,0.55,76.68452080133363,208647.062442382,0.3536837569155459
18.5,0.55,76.8564447993951,208180.32946699514,0.3537152218820871
18.6,0.55,77.04562103960733,207669.16774899873,0.35368462168224607
18.700000000000003,0.55,77.22562606024323,207185.11219991275,0.35368041059010874
18.8,0.55,77.40376162349573,206708.3002739138,0.3536855819781119
18.9,0.55,77.58713852117265,206219.74601671618,0.3536631904892943
19,0.55,77.77648908462302,205717.69423265618,0.3536024225759538
19.1,0.55,77.95871285001924,205236.84159308247,0.3536143268877495
19.200000000000003,0.55,78.14874214658072,204737.78029580295,0.35356923314965194
19.3,0.55,78.32897276910462,204266.6900172971,0.3535694529865067
19.4,0.55,78.534947016863,203730.9580990038,0.3534347382105736
19.5,0.55,78.72747130320418,203232.74373158743,0.3533992444954984
19.6,0.55,78.91974392799627,202737.6066323513,0.353348753157666
19.700000000000003,0.55,79.11767182165595,202230.41997578737,0.3532741621537955
19.8,0.55,79.3126700617855,201733.21598599333,0.35323142686947906
19.9,0.55,79.51235717526325,201226.58374637764,0.3531514041226911
8,0.65,66.33628118275212,241195.31144534686,0.31068167602011876
8.1,0.65,66.29954189305569,241328.96763915443,0.31182842520267456
8.2,0.65,66.26695082163016,241447.65681262413,0.31293927268041083
8.3,0.65,66.23808918734709,241552.86174916333,0.31404259021346576
8.4,0.65,66.2202574235191,241617.9070049547,0.3150899343796302
8.5,0.65,66.19995778091516,241691.99703950042,0.31615242099611807
8.6,0.65,66.19046895110085,241726.64514312817,0.31715701881404346
8.7,0.65,66.17273686212499,241791.4198310551,0.31819783217026265
8.8,0.65,66.1706508967988,241799.0420700856,0.3191713266268262
8.9,0.65,66.17394904213172,241786.99067533505,0.32011215472948407
9,0.65,66.17683914575241,241776.431249013,0.32105054288092344
9.1,0.65,66.18529377687194,241745.5462831398,0.32196787695664425
9.2,0.65,66.20181035914189,241685.23357897176,0.32282374528927094
9.3,0.65,66.21805842640453,241625.93075395856,0.3236917960898458
9.4,0.65,66.2341459052283,241567.24271637376,0.32457483963802897
9.5,0.65,66.2617633103575,241466.5593044822,0.32538582507298225
9.6,0.65,66.28794826744726,241371.1755784919,0.3261908397008278
9.7,0.65,66.31586475204391,241269.56739272358,0.32699376893654564
9.8,0.65,66.34989749818219,241145.81338182715,0.3277480211510616
9.9,0.65,66.45825820850801,240752.62324512252,0.3282776631122545
10,0.65,66.4805015908694,240672.07101514228,0.329087249235902
10.1,0.65,66.52012646675247,240528.70687185158,0.32982936869639495
10.2,0.65,66.56795683206771,240355.88234086128,0.33052289286350783
10.3,0.65,66.60837518557096,240210.03297894585,0.33124820763254503
10.4,0.65,66.6559862252391,240038.455750005,0.33193345513697525
10.5,0.65,66.70665265225568,239856.1367395934,0.33261306759723164
10.6,0.65,66.76238159948701,239655.9202454057,0.3332562595553546
10.7,0.65,66.81349321463948,239472.586002946,0.3339205803376326
10.8,0.65,66.87150705695629,239264.83347193542,0.3345485167871191
10.9,0.65,66.93184531770359,239049.13907652226,0.33517236636371617
11,0.65,66.99040350554846,238840.1795292188,0.3357808748356303
11.1,0.65,67.05620257870038,238605.8169819806,0.336367401300724
11.2,0.65,67.11977719598781,238379.81394485955,0.3369559654030729
11.3,0.65,67.18694365761144,238141.5068013352,0.3375389807319903
11.4,0.65,67.2509581523821,237914.82589357372,0.33812593921206247
11.5,0.65,67.3301125945755,237635.12911886995,0.3386350340341383
11.6,0.65,67.39986344975146,237389.20497855992,0.33916789146422543
11.7,0.65,67.47661575207627,237119.18301871378,0.33968605745194647
11.8,0.65,67.53917510779873,236899.54718076627,0.3402844482249715
11.9,0.65,67.61797494184667,236623.47199484226,0.3407888571787097
12,0.65,67.70386557758074,236323.286174345,0.3412513492991053
12.100000000000001,0.65,67.78765038783612,236031.19312232506,0.3417312191241335
12.2,0.65,67.86739293361357,235753.86217724404,0.3422121345558193
12.3,0.65,67.95547578887819,235448.28160291698,0.34266392172525645
12.4,0.65,68.04637233676024,235133.76908347584,0.3431107968708375
12.5,0.65,68.13488455582859,234828.313048507,0.343544696514851
12.600000000000001,0.65,68.22745896715499,234509.68630830108,0.3439696110473378
12.7,0.65,68.32140408134993,234187.22456214286,0.3443862459082869
12.8,0.65,68.416396419476,233862.06870499984,0.3448076089724786
12.9,0.65,68.51239124353248,233534.39734903997,0.34521126465094737
13,0.65,68.6121529695934,233194.839507378,0.3455783834053094
13.100000000000001,0.65,68.70923275161857,232865.35679767272,0.3459742901740279
13.2,0.65,68.81945264064663,232492.4041977917,0.3463067669924524
13.3,0.65,68.83732961701581,232432.02618430712,0.34694990514596685
13.4,0.65,68.9428963775687,232076.1215539208,0.3473025910603292
13.5,0.65,69.05738076398436,231691.38219537737,0.3475955082863346
13.600000000000001,0.65,69.15980550373314,231348.25038130485,0.34797007410136777
13.7,0.65,69.2695402621245,230981.75532065067,0.34825431498774656
13.8,0.65,69.38184720456901,230607.8699926333,0.3485814316490897
13.9,0.65,69.50676603740825,230193.4173054299,0.3488319769763089
14,0.65,69.62334964019932,229807.96072991405,0.3491235353094246
14.100000000000001,0.65,69.74279287666573,229414.38591790633,0.3493856308163641
14.2,0.65,69.85927420977062,229031.8670067462,0.3496856554718088
14.3,0.65,69.9781279822276,228642.86972728866,0.3499636137509434
14.4,0.65,70.0906696856645,228275.74728213,0.350289446407372
14.5,0.65,70.21675619733814,227865.8381061264,0.35051683010573603
14.600000000000001,0.65,70.34601409164645,227447.14404365935,0.3507407611391564
14.7,0.65,70.47986585008309,227015.188054322,0.3509305640305858
14.8,0.65,70.60140538038128,226624.38394528162,0.3511919936735715
14.9,0.65,70.73430868305303,226198.5774356395,0.35139635915032563
15,0.65,70.86935139964321,225767.55231995182,0.3516337585569811
15.100000000000001,0.65,71.0042514038844,225338.61964108667,0.3518269779443663
15.2,0.65,71.13797648299723,224915.0283860573,0.3520256200976927
15.3,0.65,71.2701366372814,224497.95601528848,0.35221581487238196
15.4,0.65,71.41204835259816,224051.8283553461,0.35236906425450115
15.5,0.65,71.55920037187343,223591.095440592,0.3524871818225368
15.600000000000001,0.65,71.69592841877557,223164.69502346183,0.3526849374817592
15.7,0.65,71.8335000814879,222737.3019809644,0.3528634991299562
15.8,0.65,71.98125357036963,222280.0966415267,0.3530058166652726
15.9,0.65,72.12536073032271,221835.97888437778,0.35315181091324566
16,0.65,72.26764291412337,221399.22314905192,0.35329006577399685
16.1,0.65,72.4180224994833,220939.47677339794,0.35340548394548466
16.200000000000003,0.65,72.56493668454361,220492.16510111024,0.3535569286201064
16.3,0.65,72.70927785664506,220054.44795567758,0.35371605937168166
16.4,0.65,72.86791671609743,219575.3731005926,0.35379597534002
16.5,0.65,73.01609236476116,219129.77648913293,0.35390731751506754
16.6,0.65,73.17079566306744,218666.47553862684,0.35400190196662557
16.700000000000003,0.65,73.3347146270895,218177.70862490922,0.35406686786231717
16.8,0.65,73.49136206049225,217712.66107206003,0.3541350886372858
16.9,0.65,73.6414255541258,217269.01509042815,0.35427259996169835
17,0.65,73.79836333242272,216806.9761646127,0.3543572376969527
17.1,0.65,73.95746272532311,216340.5748439986,0.3544317775089732
17.200000000000003,0.65,74.11694177006626,215875.0700971576,0.3545008177225071
17.3,0.65,74.27455847143733,215416.9655031054,0.35458315046470107
17.4,0.65,74.57818458163072,214539.95011754343,0.35418490672250014
17.5,0.65,74.74660948138897,214056.53194187774,0.35420883699528155
17.6,0.65,74.91187528299456,213584.2940729598,0.35425602085156227
17.700000000000003,0.65,75.06587268794345,213146.12655625338,0.35435424764342555
17.8,0.65,75.23611895740703,212663.813893138,0.35439205585089234
17.9,0.65,75.39707518957937,212209.82325600027,0.35445829418542646
18,0.65,75.56524202264688,211737.56044088106,0.3544911125507694
18.1,0.65,75.74227017994193,211242.6781239668,0.35448301095794804
18.200000000000003,0.65,75.91600999366203,210759.2324904297,0.35449101486206247
18.3,0.65,76.08238848871108,210298.33996831003,0.3545340057910268
18.4,0.65,76.23878069295098,209866.94507142552,0.3546509557711166
18.5,0.65,76.41203448134888,209391.1006113229,0.35464376344196147
18.6,0.65,76.58618261749245,208914.96942616336,0.3546524630071769
18.700000000000003,0.65,76.77751580992717,208394.34346391336,0.3545825055279655
18.8,0.65,76.94713387573556,207934.97033741273,0.35463014747334537
18.9,0.65,77.13452856431068,207429.80216259504,0.35458010932253375
19,0.65,77.30158629712733,206981.52219671317,0.35462437921919654
19.1,0.65,77.49243189582491,206471.77548265894,0.3545391571467385
19.200000000000003,0.65,77.67635296319483,205982.8942739013,0.3545306715232873
19.3,0.65,77.86277221866693,205489.72948286752,0.3544890827291885
19.4,0.65,78.04639923854786,205006.2546908307,0.35446120556669763
19.5,0.65,78.2326921305605,204518.08015628578,0.35442222270943674
19.6,0.65,78.42704863412527,204011.24712269308,0.35432799608616555
19.700000000000003,0.65,78.60579846642804,203547.32490674313,0.3543426377487511
19.8,0.65,78.80828623442133,203024.3362024999,0.35423414027656436
19.9,0.65,78.98714901770218,202564.59688669312,0.3542329962800791
8,0.7500000000000001,65.97829188616848,242504.00461419343,0.31172218689791786
8.1,0.7500000000000001,65.93850186533349,242650.34156640188,0.31287652206718963
8.2,0.7500000000000001,65.90786239693277,242763.14567204972,0.31399318776449653
8.3,0.7500000000000001,65.88057839944283,242863.68439253588,0.31507734800888526
8.4,0.7500000000000001,65.85509462417674,242957.66472296702,0.3161628537531219
8.5,0.7500000000000001,65.83983678352769,243013.96816346608,0.3171955630838062
8.6,0.7500000000000001,65.87258804981303,242893.1437747786,0.31807047087486884
8.7,0.7500000000000001,65.85151695904122,242970.864436605,0.31912364626137457
8.8,0.7500000000000001,65.84468425210791,242996.07753814667,0.3201084875253969
8.9,0.7500000000000001,65.84980175286435,242977.19315918864,0.32103338873027676
9,0.7500000000000001,65.84820436372033,242983.08746009402,0.3219994110600341
9.1,0.7500000000000001,65.85593458874297,242954.56590080718,0.32290791367624977
9.2,0.7500000000000001,65.86588182645252,242917.8742669503,0.3238093139240335
9.3,0.7500000000000001,65.8816745340953,242859.64364369077,0.3246639822769974
9.4,0.7500000000000001,65.89895324922703,242795.9658097858,0.3255201043202458
9.5,0.7500000000000001,65.91619939774522,242732.4412843394,0.32639059675480253
9.6,0.7500000000000001,65.94714939941693,242618.52325252234,0.32717764234780244
9.7,0.7500000000000001,65.97267708709927,242524.6436320339,0.32797858570106186
9.8,0.7500000000000001,66.0022595331666,242415.94322933577,0.3287494107589804
9.9,0.7500000000000001,66.03330940949999,242301.95552940335,0.3295271219101962
10,0.7500000000000001,66.07498260671858,242149.13676531336,0.33025844526640274
10.1,0.7500000000000001,66.11128790814601,242016.15951318553,0.33099432329373707
10.2,0.7500000000000001,66.14017748403886,241910.4485146138,0.3317860027197942
10.3,0.7500000000000001,66.18342534055974,241752.3710456036,0.33249789982407196
10.4,0.7500000000000001,66.23524479679193,241563.23493764683,0.3331617130100756
10.5,0.7500000000000001,66.28628458666849,241377.2336127876,0.333825087801379
10.6,0.7500000000000001,66.3324703021004,241209.16840772872,0.3345226000767378
10.7,0.7500000000000001,66.38691258362392,241011.35867473405,0.335167333982794
10.8,0.7500000000000001,66.44656730267904,240794.98233695663,0.3357838400941474
10.9,0.7500000000000001,66.5106246101805,240563.0693408185,0.3363761825441394
11,0.7500000000000001,66.56755861460326,240357.3201870438,0.33701217890351565
11.1,0.7500000000000001,66.63002712916364,240131.97486748252,0.3375958255485006
11.2,0.7500000000000001,66.6950186947093,239897.9760878188,0.338181118849452
11.3,0.7500000000000001,66.76109606002979,239660.5350159804,0.33875178031888376
11.4,0.7500000000000001,66.82608051390284,239427.4791661809,0.3393305809372503
11.5,0.7500000000000001,66.8499606562788,239341.9508841135,0.34003707490416724
11.6,0.7500000000000001,66.92556129463541,239071.58476506523,0.3405606644134215
11.7,0.7500000000000001,67.00526259822732,238787.2143108845,0.3410397184177791
11.8,0.7500000000000001,67.07617639949434,238534.7653793906,0.341584277615664
11.9,0.7500000000000001,67.15454112110613,238256.4117465368,0.3420997827128476
12,0.7500000000000001,67.23563935802092,237969.03179282806,0.3425891307641033
12.100000000000001,0.7500000000000001,67.32974168746914,237636.43820688815,0.3430060313280925
12.2,0.7500000000000001,67.41668117140718,237329.98602111454,0.34346634651936137
12.3,0.7500000000000001,67.49640057170969,237049.67767875624,0.3439440314828712
12.4,0.7500000000000001,67.58653147696518,236733.55697285806,0.34438175629980505
12.5,0.7500000000000001,67.66726685108993,236451.10471522293,0.3448767846995345
12.600000000000001,0.7500000000000001,67.75965182193907,236128.7221788757,0.34528730059264334
12.7,0.7500000000000001,67.85996489403739,235779.66810009154,0.3456691006976143
12.8,0.7500000000000001,67.94807937409482,235473.91107128182,0.34611173546573853
12.9,0.7500000000000001,68.04953122974862,235122.85405730197,0.3464851623812193
13,0.7500000000000001,68.15081744945785,234773.41283346975,0.346869623958365
13.100000000000001,0.7500000000000001,68.25288371310697,234422.32957151133,0.34722105406606635
13.2,0.7500000000000001,68.3547729441431,234072.90099660764,0.3475888862567192
13.3,0.7500000000000001,68.4562054512611,233726.07193940296,0.34795790618171357
13.4,0.7500000000000001,68.56865926515856,233342.75704775224,0.3482736989999713
13.5,0.7500000000000001,68.67762069309366,232972.54387278136,0.3486022536239072
13.600000000000001,0.7500000000000001,68.78671811706364,232603.04369763128,0.348915231092214
13.7,0.7500000000000001,68.89591410856141,232234.3814872433,0.34924879274390386
13.8,0.7500000000000001,69.00705145870032,231860.36298878468,0.3495514459881153
13.9,0.7500000000000001,69.12617332106625,231460.80900045988,0.3498045094080715
14,0.7500000000000001,69.23944253278442,231082.16090018494,0.3501065605819343
14.100000000000001,0.7500000000000001,69.35296222146432,230703.91642259367,0.3504064955884465
14.2,0.7500000000000001,69.4689623841679,230318.6840695699,0.3506787023634133
14.3,0.7500000000000001,69.5955975044964,229899.5995970331,0.3509078179522559
14.4,0.7500000000000001,69.71817615042845,229495.38963092444,0.3511726383491577
14.5,0.7500000000000001,69.84866910012036,229066.6408699322,0.35140142413465225
14.600000000000001,0.7500000000000001,69.97676854781633,228647.31155836274,0.3516115011448221
14.7,0.7500000000000001,70.09753792914111,228253.3805420353,0.3518708463665941
14.8,0.7500000000000001,70.22691452762749,227832.8772895974,0.35207566235116666
14.9,0.7500000000000001,70.35635609908032,227413.71053196356,0.35229058583075706
15,0.7500000000000001,70.48720297252311,226991.55769079138,0.3524980012461274
15.100000000000001,0.7500000000000001,70.69892517367362,226311.78565580188,0.35247302868900277
15.2,0.7500000000000001,70.83958733864453,225862.41113338122,0.35262812492840123
15.3,0.7500000000000001,70.96562822339463,225461.2606208905,0.35285561850550695
15.4,0.7500000000000001,71.10153358494249,225030.30797339082,0.35301782243300356
15.5,0.7500000000000001,71.2337177489602,224612.73264420556,0.35320975575086566
15.600000000000001,0.7500000000000001,71.3725036222894,224175.9667654877,0.3533595379922261
15.7,0.7500000000000001,71.52001098985043,223713.61215633198,0.35349454755450677
15.8,0.7500000000000001,71.66214760527959,223269.8926095431,0.35364115499013027
15.9,0.7500000000000001,71.77819023295264,222908.9358212122,0.3539302090013321
16,0.7500000000000001,71.92292550344301,222460.36139386552,0.35406335862444765
16.1,0.7500000000000001,72.06758349533301,222013.82679961977,0.35418018780461996
16.200000000000003,0.7500000000000001,72.22094315112055,221542.38510178955,0.35427113561948165
16.3,0.7500000000000001,72.35948644034403,221118.2083663767,0.3544539265593257
16.4,0.7500000000000001,72.51552428041647,220642.4094532949,0.35454621017801113
16.5,0.7500000000000001,72.65730798260056,220211.8471528227,0.3546984803695569
16.6,0.7500000000000001,72.81222037670919,219743.33315507573,0.35478185561352266
16.700000000000003,0.7500000000000001,72.96448251988693,219284.7731859004,0.35486371245266496
16.8,0.7500000000000001,73.12017116333331,218817.86852303386,0.3549585742739722
16.9,0.7500000000000001,73.2733223018093,218360.50962854893,0.3550336573436932
17,0.7500000000000001,73.42605647856436,217906.29603907652,0.35514849930414444
17.1,0.7500000000000001,73.57995611235762,217450.5238297204,0.35523784406434955
17.200000000000003,0.7500000000000001,73.73868342970131,216982.4474185735,0.3553041538875015
17.3,0.7500000000000001,73.90657538547056,216489.53312407807,0.35532270269020705
17.4,0.7500000000000001,74.06328104317662,216031.47706449154,0.3553995406473268
17.5,0.7500000000000001,74.23004237070747,215546.15205654112,0.35542853756542636
17.6,0.7500000000000001,74.39617014396632,215064.83423861617,0.35546108172902807
17.700000000000003,0.7500000000000001,74.55872867762378,214595.9337528491,0.35552682283378656
17.8,0.7500000000000001,74.71183694654532,214156.15856758613,0.35561983810131953
17.9,0.7500000000000001,74.88447241727418,213662.45208812016,0.3556072593399726
18,0.7500000000000001,75.0613320930686,213159.02014850453,0.35560688603647667
18.1,0.7500000000000001,75.23388522095166,212670.1280016336,0.35561181056901014
18.200000000000003,0.7500000000000001,75.39313730128029,212220.90726987555,0.35568016920204915
18.3,0.7500000000000001,75.56701256500875,211732.59940950462,0.35568012631785983
18.4,0.7500000000000001,75.74297404208751,211240.71509404163,0.35567102601609585
18.5,0.7500000000000001,75.90928645558907,210777.90013690674,0.3557296347070706
18.6,0.7500000000000001,76.08771148322516,210283.6277777585,0.35571575772161246
18.700000000000003,0.7500000000000001,76.27151783018459,209776.86632149297,0.3556531587585731
18.8,0.7500000000000001,76.45180205388455,209282.18263217557,0.35562721429005184
18.9,0.7500000000000001,76.64101520799962,208765.50182140537,0.3555773203758188
19,0.7500000000000001,76.82214058186888,208273.29047084934,0.35554924719393005
19.1,0.7500000000000001,76.99925812232777,207794.20984265843,0.35554061813286464
19.200000000000003,0.7500000000000001,77.1849644994344,207294.2587168936,0.35549328300489663
19.3,0.7500000000000001,77.2534642771376,207110.45322966884,0.3557883835388295
19.4,0.7500000000000001,77.42946684617336,206639.6767497662,0.35581049461558484
19.5,0.7500000000000001,77.61223727715551,206153.05731831366,0.35577968101963175
19.6,0.7500000000000001,77.80212141886639,205649.91941363862,0.3557173517403238
19.700000000000003,0.7500000000000001,78.00732635499708,205108.93973198012,0.3555662399814971
19.8,0.7500000000000001,78.19784520594148,204609.21855151476,0.35552114505808696
19.9,0.7500000000000001,78.39845354850898,204085.6582725833,0.3554140950891878
8,0.8500000000000001,65.68029029983325,243604.28260836453,0.3125740076978023
8.1,0.8500000000000001,65.646024967631,243731.43701982478,0.3136981637347163
8.2,0.8500000000000001,65.6079229016403,243872.9850354701,0.3148487509516331
8.3,0.8500000000000001,65.58160260307358,243970.86019441276,0.3159261256173938
8.4,0.8500000000000001,65.55289657990325,244077.69655910475,0.3170228488171039
8.5,0.8500000000000001,65.53853078535003,244131.19745394896,0.31805123367884286
8.6,0.8500000000000001,65.52227770022968,244191.7552561503,0.31909217561917785
8.7,0.8500000000000001,65.51162014486822,244231.48083681372,0.3200947864478245
8.8,0.8500000000000001,65.51082112783456,244234.45965939574,0.3210480631858578
8.9,0.8500000000000001,65.51016244486938,244236.91535591797,0.32200095996394595
9,0.8500000000000001,65.49956266273215,244276.44017085413,0.32300360162200115
9.1,0.8500000000000001,65.5066277691817,244250.0941489064,0.3239226608616527
9.2,0.8500000000000001,65.52332028028529,244187.8697776262,0.3247845595157515
9.3,0.8500000000000001,65.53223565219355,244154.6490938988,0.3256887420286562
9.4,0.8500000000000001,65.55061748966598,244086.1827506414,0.32652792613276527
9.5,0.8500000000000001,65.5741160308622,243998.71425593697,0.32735036451056293
9.6,0.8500000000000001,65.59974433381615,243903.3896013544,0.32817629269476367
9.7,0.8500000000000001,65.62520881472923,243808.74802502544,0.3289874487224273
9.8,0.8500000000000001,65.65643701163027,243692.78517452578,0.32975675903068996
9.9,0.8500000000000001,65.68922274335489,243571.1572126732,0.33050812812727415
10,0.8500000000000001,65.72108030025643,243453.08882479783,0.33127852165105803
10.1,0.8500000000000001,65.74225650273404,243374.67028279757,0.33206337310687545
10.2,0.8500000000000001,65.78286045128179,243224.44919903507,0.3327755146464475
10.3,0.8500000000000001,65.8325166961822,243040.98951343723,0.3334604468287686
10.4,0.8500000000000001,65.8729180300708,242891.9270389091,0.33418440661968324
10.5,0.8500000000000001,65.92193765582692,242711.31233330397,0.3348597235274374
10.6,0.8500000000000001,65.97915537472043,242500.83089318106,0.3354890817760395
10.7,0.8500000000000001,66.03879350273337,242281.83392444556,0.3361158016172172
10.8,0.8500000000000001,66.09883076485323,242061.77045582008,0.33672927850532275
10.9,0.8500000000000001,66.15309083519224,241863.22661568355,0.3373703355941978
11,0.8500000000000001,66.20378603028807,241678.02114338352,0.33802781324257775
11.1,0.8500000000000001,66.26786676132826,241444.3195768763,0.33862469399286277
11.2,0.8500000000000001,66.33887776510157,241185.87077481445,0.33916176318181096
11.3,0.8500000000000001,66.39809955250354,240970.75229311618,0.3397710110399707
11.4,0.8500000000000001,66.47297771779755,240699.3119508793,0.3402963228822725
11.5,0.8500000000000001,66.54492483147045,240439.07240891908,0.3408466574100191
11.6,0.8500000000000001,66.6181444776313,240174.80711088248,0.3413785528395376
11.7,0.8500000000000001,66.69370337748423,239902.70729817645,0.34189679748932494
11.8,0.8500000000000001,66.77408281296138,239613.92393538458,0.34236668749863414
11.9,0.8500000000000001,66.8531077021495,239330.6840915274,0.3428643365393938
12,0.8500000000000001,66.93391556079865,239041.7453684834,0.3433617581296749
12.100000000000001,0.8500000000000001,67.01788750708957,238742.2312932114,0.3438307399909363
12.2,0.8500000000000001,67.10322073134536,238438.62970538545,0.3442866056482294
12.3,0.8500000000000001,67.19294028435992,238120.25388810405,0.3447269077422455
12.4,0.8500000000000001,67.27732980375417,237821.56703709095,0.3451751482973546
12.5,0.8500000000000001,67.36650982683044,237506.7380086773,0.3456119627298871
12.600000000000001,0.8500000000000001,67.46492417040736,237160.27545789783,0.34601088760094467
12.7,0.8500000000000001,67.55848565609563,236831.83310898207,0.34640958010147
12.8,0.8500000000000001,67.66028155458287,236475.5160986507,0.3467777873490483
12.9,0.8500000000000001,67.75580726359611,236142.12044960004,0.34717687363996064
13,0.8500000000000001,67.84868523283161,235818.86583496662,0.34759972977712417
13.100000000000001,0.8500000000000001,67.95219972961594,235459.6328546321,0.34795544996341055
13.2,0.8500000000000001,68.05327919313766,235109.90491128905,0.3483060148584214
13.3,0.8500000000000001,68.19978945819346,234604.8298258753,0.3485054904324582
13.4,0.8500000000000001,68.31265108936744,234217.231286612,0.34880887168418456
13.5,0.8500000000000001,68.40975211242447,233884.78259218988,0.3491955398625956
13.600000000000001,0.8500000000000001,68.51898109011542,233511.93706393524,0.3495153110363474
13.7,0.8500000000000001,68.62487505316939,233151.60847438296,0.3498372187750178
13.8,0.8500000000000001,68.73668574396002,232772.3518646073,0.3501500836855947
13.9,0.8500000000000001,68.85581798718901,232369.6162171348,0.35037191873317375
14,0.8500000000000001,68.96317402067676,232007.88286227704,0.3507099188575962
14.100000000000001,0.8500000000000001,69.06393378362978,231669.398533341,0.3510681330941801
14.2,0.8500000000000001,69.1812292254598,231276.60752971622,0.3513414446227186
14.3,0.8500000000000001,69.30826159791398,230852.70977971784,0.351550193107749
14.4,0.8500000000000001,69.42092425739715,230478.06077423578,0.35185516509762377
14.5,0.8500000000000001,69.54327405851679,230072.5730361342,0.3521008469179881
14.600000000000001,0.8500000000000001,69.67174183171025,229648.34205878564,0.3523321262282321
14.7,0.8500000000000001,69.80177334537034,229220.5374329679,0.3525247068345487
14.8,0.8500000000000001,69.92998074652897,228800.29179464877,0.35273904497224706
14.9,0.8500000000000001,70.05861939678036,228380.17845289287,0.3529399245816037
15,0.8500000000000001,70.18593466649928,227965.90336834287,0.3531579338769378
15.100000000000001,0.8500000000000001,70.31272572391882,227554.82503727142,0.3533780967554467
15.2,0.8500000000000001,70.4478040183253,227118.50600535376,0.3536006077250081
15.3,0.8500000000000001,70.58932702575977,226663.16104927886,0.35374568770520715
15.4,0.8500000000000001,70.72236332078437,226236.7835111332,0.35393300565271685
15.5,0.8500000000000001,70.86360094760897,225785.8729452537,0.35406307305704277
15.600000000000001,0.8500000000000001,71.00049984605187,225350.52618914362,0.3542262541536147
15.7,0.8500000000000001,71.13356182838984,224928.98694711927,0.3543991552815228
15.8,0.8500000000000001,71.27188096842495,224492.4615794602,0.3545743163862306
15.9,0.8500000000000001,71.42440780274465,224013.05789174722,0.3546638544016499
16,0.8500000000000001,71.57126676591707,223553.39961118804,0.3547956069144415
16.1,0.8500000000000001,71.70833470660935,223126.08520980313,0.35496157512001764
16.200000000000003,0.8500000000000001,71.85283319764235,222677.37106468048,0.3550906614271294
16.3,0.8500000000000001,72.00437715328518,222208.71331111857,0.3551685069005689
16.4,0.8500000000000001,72.14430017517341,221777.7421244705,0.3553396572717373
16.5,0.8500000000000001,72.30534734362583,221283.77205576762,0.3554020322174325
16.6,0.8500000000000001,72.45122095321904,220838.23832770225,0.35552938261304323
16.700000000000003,0.8500000000000001,72.61520456709249,220339.52937799512,0.3555631969833704
16.8,0.8500000000000001,72.7683039077433,219875.95066507295,0.3556359541202717
16.9,0.8500000000000001,72.9241489241329,219406.05733562558,0.35572514252485843
17,0.8500000000000001,73.0799852417535,218938.19418642359,0.35578217778466537
17.1,0.8500000000000001,73.16697820476588,218677.88437595757,0.3561217435317069
17.200000000000003,0.8500000000000001,73.32535356338039,218205.56222985065,0.3561846899320652
17.3,0.8500000000000001,73.48631156722934,217727.62380871866,0.3562354736350299
17.4,0.8500000000000001,73.65793481926272,217220.3176651614,0.35623102949457597
17.5,0.8500000000000001,73.8237013727549,216732.5628826422,0.35625963215197387
17.6,0.8500000000000001,73.99324909639093,216235.94308119675,0.3562705650485611
17.700000000000003,0.8500000000000001,74.15757339054896,215756.79014921928,0.356307220177151
17.8,0.8500000000000001,74.32144376791216,215281.0708301647,0.35634138246609914
17.9,0.8500000000000001,74.48527606568906,214807.55452781692,0.35639983306561096
18,0.8500000000000001,74.65719608730465,214312.89732994372,0.35638611514830826
18.1,0.8500000000000001,74.83961482621608,213790.51772451468,0.35635479133653214
18.200000000000003,0.8500000000000001,75.00083376637218,213330.96175757254,0.3564092417191998
18.3,0.8500000000000001,75.17063804836212,212849.06468009713,0.3564234898264331
18.4,0.8500000000000001,75.34366350841961,212360.2603716238,0.3564231888984755
18.5,0.8500000000000001,75.53139001117908,211832.45797054586,0.3563542812952552
18.6,0.8500000000000001,75.70077296693701,211358.47591659523,0.3563728238626528
18.700000000000003,0.8500000000000001,75.86647084036868,210896.85367948303,0.3564364716805479
18.8,0.8500000000000001,76.05289920924017,210379.88250756988,0.35635713815771825
18.9,0.8500000000000001,76.23806811924794,209868.9066330165,0.3563042049630156
19,0.8500000000000001,76.41824390506297,209374.0863749415,0.35627562015700803
19.1,0.8500000000000001,76.57423662671923,208947.56127959993,0.35637700739835887
19.200000000000003,0.8500000000000001,76.75360554914832,208459.26240891157,0.3563536524687264
19.3,0.8500000000000001,76.9537590839595,207917.0685156964,0.3562350054197531
19.4,0.8500000000000001,77.12960892098407,207443.0328875556,0.3562087064627265
19.5,0.8500000000000001,77.31415180209505,206947.88246472663,0.3561874498925405
19.6,0.8500000000000001,77.51949024484266,206399.70605411037,0.3560489264350663
19.700000000000003,0.8500000000000001,77.70542171220197,205905.83832437452,0.3560009019937206
19.8,0.8500000000000001,77.89966493264359,205392.4110435455,0.35591601409929885
19.9,0.8500000000000001,78.0913667002812,204888.2056502974,0.35582408997653
