20,0.15,58.20239490058578,274902.7772367313,0.3712158403925104
20.1,0.15,58.17448931836614,275034.64469517354,0.37139390803481687
20.2,0.15,58.14712762267186,275164.064918686,0.37156867104564517
20.3,0.15,58.12085567419666,275288.4453334599,0.3717366285346992
20.4,0.15,58.09164070927648,275426.89110939513,0.37192357922897445
20.5,0.15,58.06610622760691,275548.0096647667,0.37208713205580046
20.6,0.15,58.04112491463301,275666.6074879291,0.37224728100386306
20.7,0.15,58.017109558731775,275780.71575253,0.3724013674622297
20.8,0.15,57.98802930290551,275919.0162580385,0.3725881219901217
20.9,0.15,57.96473042557879,276029.921687335,0.37273788348963877
21,0.15,57.9396207090046,276149.54679041216,0.3728994196284046
21.1,0.15,57.91754624525033,276254.7973328915,0.3730415450335059
21.2,0.15,57.897746032213796,276349.2725795878,0.3731691199836435
21.3,0.15,57.87602519975476,276452.9862715555,0.37330917009776377
21.4,0.15,57.85546574778343,276551.22628777724,0.3734418288164152
21.5,0.15,57.83568134625853,276645.8287957052,0.3735695756141621
21.6,0.15,57.81569885826755,276741.44420917996,0.37369869019213864
21.7,0.15,57.79358668647656,276847.32714026084,0.3738416695452012
21.8,0.15,57.775035955431434,276936.2188254223,0.373961704715245
21.9,0.15,57.758699432344024,277014.54771746875,0.37406747638397936
22,0.15,57.73596218615346,277123.6400012262,0.37421478949664566
22.1,0.15,57.718640768350866,277206.80506345804,0.3743270917031858
22.2,0.15,57.701413747531596,277289.56642218254,0.37443884876740957
22.3,0.15,57.68556776803134,277365.73668374313,0.37454170552259536
22.4,0.15,57.669292607589036,277444.0135562625,0.37464740694659565
22.5,0.15,57.65141766354967,277530.0356597486,0.37476356716788883
22.6,0.15,57.63645860112308,277602.0662672746,0.3748608339280705
22.7,0.15,57.623093263595045,277666.45443361567,0.37494778069346835
22.8,0.15,57.60859483196402,277736.3351192595,0.3750421442997921
22.9,0.15,57.59467672091534,277803.4518282077,0.3751327755613859
23,0.15,57.58092947013133,277869.77645610255,0.37522233723380766
23.1,0.15,57.5689660902335,277927.52044428984,0.37530031201208386
23.2,0.15,57.55565033799405,277991.8201955919,0.37538713938595236
23.3,0.15,57.54085243568022,278063.31193798303,0.37548367848788367
23.4,0.15,57.53123531557845,278109.79396208934,0.3755464456371108
23.5,0.15,57.51465366035208,278189.973888857,0.37565471685647367
23.6,0.15,57.50328862619099,278244.95576262556,0.3757289618047514
23.7,0.15,57.492842396104386,278295.5118093819,0.37579723032343365
23.8,0.15,57.481536119964495,278350.2508806976,0.37587114740264627
23.9,0.15,57.472329513153454,278394.84036118886,0.37593135894957785
24,0.15,57.46306238646851,278439.7373810642,0.37599198578329585
24.1,0.15,57.45142905353512,278496.11860987265,0.37606812035510656
24.2,0.15,57.44230672640955,278540.3461634293,0.37612784317284986
24.3,0.15,57.436443776869304,278568.77877323405,0.3761662372380147
24.4,0.15,57.4273994335388,278612.6510659242,0.3762254803281159
24.5,0.15,57.419694176002714,278650.03862536844,0.3762759667380345
24.6,0.15,57.41210838498222,278686.85631105053,0.3763256836171041
24.7,0.15,57.40482478830761,278722.2164513762,0.3763734322951616
24.8,0.15,57.398817233916596,278751.388461463,0.3764128248118512
24.9,0.15,57.39255287601626,278781.8139848982,0.37645391001428136
25,0.15,57.38387852797632,278823.95562021015,0.37651081610568243
25.1,0.15,57.37635422312671,278860.5204467814,0.3765601915356468
25.2,0.15,57.36817329023837,278900.2870816966,0.3766138905377013
25.3,0.15,57.36261444856656,278927.3144853987,0.3766503870783319
25.4,0.15,57.35791280155452,278950.1782492749,0.3766812612346688
25.5,0.15,57.353012496142334,278974.01206390315,0.3767134453021268
25.6,0.15,57.348418207335875,278996.3611926321,0.37674362451925425
25.7,0.15,57.344205007763875,279016.8596431627,0.37677130466718484
25.8,0.15,57.339965260882224,279037.4902950164,0.37679916333359303
25.9,0.15,57.33433651188946,279064.8845597449,0.3768361552661786
26,0.15,57.33101348321025,279081.05975984014,0.3768579974991208
26.1,0.15,57.330397486118486,279084.058398062,0.3768620467197899
26.2,0.15,57.32734322111994,279098.9273353496,0.37688212503659135
26.3,0.15,57.32467920032716,279111.8977584908,0.3768996396887713
26.4,0.15,57.322122432513524,279124.3471285823,0.37691645073530683
26.5,0.15,57.31940756188386,279137.5675459641,0.3769343029680054
26.6,0.15,57.31763967392949,279146.1771807307,0.37694592901572116
26.7,0.15,57.31702822239088,279149.1550804025,0.37694995023202316
26.8,0.15,57.31357981679361,279165.950742302,0.37697263030753797
26.9,0.15,57.3147377927685,279160.3105269505,0.37696501402478255
27,0.15,57.31138859169651,279176.6242829813,0.3769870433571735
27.1,0.15,57.313377274499125,279166.9372992787,0.37697396250789217
27.2,0.15,57.31295292430576,279169.004276075,0.3769767536565893
27.3,0.15,57.31258814889539,279170.78109319997,0.37697915298725043
27.4,0.15,57.30631581114056,279201.33712189435,0.3770204144178728
27.5,0.15,57.307033105516346,279197.84244527307,0.377015695370172
27.6,0.15,57.30771932467609,279194.49924978206,0.3770111808754977
27.7,0.15,57.30887051147253,279188.890955319,0.37700360769721547
27.8,0.15,57.30783811775329,279193.9205091631,0.37701039937126046
27.9,0.15,57.31108218239819,279178.1168793571,0.3769890588894411
28,0.15,57.309897217286384,279183.88929118373,0.37699685368412766
28.1,0.15,57.314966530022616,279159.19643116096,0.3769635096019864
28.200000000000003,0.15,57.316080130437484,279153.7726164784,0.3769561855365631
28.3,0.15,57.31801938382019,279144.3279443899,0.37694343189354135
28.4,0.15,57.32017251330612,279133.8423883112,0.3769292726895099
28.5,0.15,57.3230518464497,279119.8215136719,0.3769103395568053
28.6,0.15,57.325964915833694,279105.6377941704,0.3768911865260227
28.700000000000003,0.15,57.32841545413764,279093.7072523816,0.3768750760809374
28.8,0.15,57.329920992856664,279086.3779839084,0.37686517897992194
28.9,0.15,57.33840330144477,279045.091574722,0.37680942774584214
29,0.15,57.33989450978758,279037.83459645003,0.37679962826213004
29.1,0.15,57.346365437489986,279006.34814320866,0.3767571104297586
29.200000000000003,0.15,57.34970374914707,278990.1072547033,0.37673517949426266
29.3,0.15,57.35386265991411,278969.8767958092,0.3767078612296915
29.4,0.15,57.35809422722902,278949.29592002527,0.3766800697785576
29.5,0.15,57.36193060294797,278930.6397434559,0.3766548773511354
29.6,0.15,57.366925044680045,278906.3556664132,0.37662208527039265
29.700000000000003,0.15,57.372307448411824,278880.18996598525,0.3765867523335214
29.8,0.15,57.378612536572255,278849.54502519284,0.3765453708401645
29.9,0.15,57.38393418083247,278823.6852074245,0.37651045095291646
30,0.15,57.385608591311964,278815.5496258405,0.37649946504442494
30.1,0.15,57.387537302536316,278806.1790428644,0.376486811447872
30.200000000000003,0.15,57.39545495245441,278767.7179883699,0.3764348754404949
30.3,0.15,57.400920500916186,278741.1745382136,0.37639903240807543
30.4,0.15,57.407276347119186,278710.31371100596,0.37635735939181036
30.5,0.15,57.413633124474295,278679.4551968445,0.3763156894989746
30.6,0.15,57.42010902322046,278648.0254422656,0.3762732482298226
30.700000000000003,0.15,57.4278151992998,278610.6339667103,0.37622275653177106
30.8,0.15,57.43516169384734,278574.9970599278,0.37617463412124746
30.9,0.15,57.44237147773642,278540.03218166746,0.37612741918657816
31,0.15,57.44781306241528,278513.6482500473,0.37609179156052186
31.1,0.15,57.45901900704168,278459.33112848963,0.3760184442625083
31.200000000000003,0.15,57.462574200778874,278442.1029258924,0.3759951801042853
31.3,0.15,57.46973648222055,278407.40151905746,0.3759483209490941
31.4,0.15,57.48290828812725,278343.60641256394,0.3758621750239493
31.5,0.15,57.49119212888624,278303.50019756955,0.37580801746885384
31.6,0.15,57.49933632490626,278264.0813380916,0.3757547880864681
31.700000000000003,0.15,57.50851789041466,278219.6548777139,0.37569479667426575
31.8,0.15,57.517272790220204,278177.30611734634,0.3756376108908865
31.9,0.15,57.52610327253284,278134.60481060547,0.3755799490453897
20,0.25,53.720929822854565,297835.5001069453,0.35469268389506237
20.1,0.25,53.71996073270985,297840.87295986555,0.3546990824325832
20.2,0.25,53.718953526369845,297846.4573429532,0.3547057328816551
20.3,0.25,53.718489843459466,297849.02826988336,0.3547087946018752
20.4,0.25,53.71735143968225,297855.34042879916,0.354716311760126
20.5,0.25,53.717283445569045,297855.71744730114,0.3547167607519497
20.6,0.25,53.71814350806247,297850.9485831093,0.35471108150539005
20.7,0.25,53.71842346287691,297849.39632595674,0.354709232920331
20.8,0.25,53.72044004344525,297838.21552951436,0.3546959176953266
20.9,0.25,53.7222022133486,297828.4459832588,0.3546842831300025
21,0.25,53.72640305312221,297805.15893051564,0.3546565505486463
21.1,0.25,53.72739315211277,297799.6709183501,0.35465001486783077
21.2,0.25,53.72942778436527,297788.3938055979,0.35463658493960787
21.3,0.25,53.73420174189496,297761.93711509585,0.354605077632528
21.4,0.25,53.737743719318345,297742.3109457443,0.3545817048019575
21.5,0.25,53.74154631747539,297721.2435511407,0.3545566156143625
21.6,0.25,53.74848757104152,297682.79486659344,0.35451082702599945
21.7,0.25,53.753116996913235,297657.1572755269,0.35448029518550117
21.8,0.25,53.757393242731645,297633.4795058781,0.3544520972988746
21.9,0.25,53.76043381125572,297616.64602955844,0.35443205029006286
22,0.25,53.76829271716125,297573.14564859285,0.35438024562987425
22.1,0.25,53.77405715121675,297541.2466090624,0.3543422570222682
22.2,0.25,53.77946938929805,297511.30276461877,0.35430659685903027
22.3,0.25,53.787145231241844,297468.8455989392,0.3542560345652807
22.4,0.25,53.796390623587776,297417.72290917556,0.3541951524876449
22.5,0.25,53.79672012587812,297415.90124010993,0.35419298305958874
22.6,0.25,53.804101006451624,297375.10153884825,0.354144394642367
22.7,0.25,53.80964536114021,297344.46106486965,0.35410790486211124
22.8,0.25,53.81984243626344,297288.1241513875,0.354040813158677
22.9,0.25,53.82823392505918,297241.77877125866,0.3539856203852899
23,0.25,53.839289917254646,297180.7396529621,0.35391292882003517
23.1,0.25,53.845843518200084,297144.56965637364,0.3538698539241218
23.2,0.25,53.857839164070576,297078.38725683326,0.35379103721855387
23.3,0.25,53.86629902040033,297031.73024640983,0.3537354733242442
23.4,0.25,53.875671561062184,296980.0567936448,0.3536739353422348
23.5,0.25,53.88570060648896,296924.78375373053,0.3536081106072143
23.6,0.25,53.89433316233709,296877.22365551523,0.35355147122448044
23.7,0.25,53.90669498410626,296809.14410941734,0.35347039520461326
23.8,0.25,53.92051925450767,296733.04747825523,0.3533797716277308
23.9,0.25,53.931915862021334,296670.3434184348,0.35330509728145293
24,0.25,53.941638853084804,296616.86853040423,0.35324141396784614
24.1,0.25,53.95554827513041,296540.40245152765,0.3531503504152007
24.2,0.25,53.967639618883915,296473.96315627283,0.35307122777219285
24.3,0.25,53.97899755347628,296411.5808958662,0.35299693665725485
24.4,0.25,53.99135323091845,296343.7484437325,0.35291615490191053
24.5,0.25,54.00229463652722,296283.70623306034,0.35284465055524045
24.6,0.25,54.017850392105295,296198.38412411907,0.3527430403448891
24.7,0.25,54.03096053592263,296126.5141559413,0.3526574503064442
24.8,0.25,54.04420805785752,296053.926497934,0.3525710055702491
24.9,0.25,54.056824890510086,295984.82767730724,0.3524887156950217
25,0.25,54.072903283184985,295896.81760208926,0.3523839043821404
25.1,0.25,54.088090032325326,295813.7362668514,0.35228496271210274
25.2,0.25,54.10156352645546,295740.0665911635,0.35219722939964654
25.3,0.25,54.1157911573844,295662.31330643146,0.35210463291187605
25.4,0.25,54.12992876400623,295585.0924865658,0.35201267053720653
25.5,0.25,54.14758467246556,295488.7110252974,0.3518978897298053
25.6,0.25,54.16246046643555,295407.5546459931,0.35180124049228895
25.7,0.25,54.17801490636281,295322.7435086574,0.3517002387986862
25.8,0.25,54.19080053135229,295253.06589156477,0.3516172596339959
25.9,0.25,54.20187903777748,295192.7181131186,0.35154539138626695
26,0.25,54.21543459488077,295118.9106858286,0.35145749402524895
26.1,0.25,54.23213403336508,295028.0361483907,0.35134927142058964
26.2,0.25,54.24801574644698,294941.6633925073,0.3512464099934304
26.3,0.25,54.26195633695017,294865.88910736813,0.3511561702988453
26.4,0.25,54.28059341715564,294764.64778189256,0.351035601872848
26.5,0.25,54.30013230988699,294658.5822054565,0.35090928824011625
26.6,0.25,54.31726955792287,294565.6166118202,0.3507985753939145
26.7,0.25,54.332949606380105,294480.6073646549,0.3506973377710585
26.8,0.25,54.348030866535225,294398.89072139305,0.35060002131446744
26.9,0.25,54.369433889208665,294282.99791761686,0.35046200442393305
27,0.25,54.38739108437574,294185.8339036313,0.3503462916734847
27.1,0.25,54.405028603948466,294090.46205039206,0.35023271320959665
27.2,0.25,54.4238014801764,293989.0188638866,0.3501119043870366
27.3,0.25,54.43918774879073,293905.9280941496,0.3500129514814416
27.4,0.25,54.46076421928173,293789.4873376608,0.34987428203331017
27.5,0.25,54.48147404366498,293677.8103172569,0.34974128572466917
27.6,0.25,54.497696318230865,293590.3915382125,0.3496371785871689
27.7,0.25,54.515261432128646,293495.7951163814,0.349524523585552
27.8,0.25,54.53484199060449,293390.4164012532,0.34939902793684385
27.9,0.25,54.55733118042504,293269.4773336116,0.34925500144411825
28,0.25,54.577161810380495,293162.91777116235,0.3491280995228018
28.1,0.25,54.596724394377155,293057.8743959925,0.3490030032308856
28.200000000000003,0.25,54.61687211334214,292949.7677347111,0.34887425886756074
28.3,0.25,54.637685855805266,292838.17111555056,0.3487413583088649
28.4,0.25,54.65742882192153,292732.3942026131,0.3486153884458685
28.5,0.25,54.67516727061915,292637.42204585695,0.34850228598104127
28.6,0.25,54.6960108627021,292525.9035830454,0.348369478498843
28.700000000000003,0.25,54.717032667229255,292413.51769396313,0.3482356379975723
28.8,0.25,54.739797389209464,292291.9112439752,0.34809081671834374
28.9,0.25,54.765880227544685,292152.70408367773,0.34792503473034836
29,0.25,54.787452391693314,292037.671064002,0.34778804175781586
29.1,0.25,54.8089305531842,291923.2292714469,0.34765175287842925
29.200000000000003,0.25,54.83077698754553,291806.91719240637,0.3475132366724381
29.3,0.25,54.85327696664843,291687.2224375624,0.34737069203343934
29.4,0.25,54.87469455177047,291573.3769580277,0.34723511330400314
29.5,0.25,54.89404297523517,291470.6065140478,0.347112723848793
29.6,0.25,54.91663439162817,291350.702337271,0.3469699298089425
29.700000000000003,0.25,54.93714945295692,291241.9038723681,0.3468403615757862
29.8,0.25,54.96029217611784,291119.2675018667,0.34669431376288046
29.9,0.25,54.98677059419534,290979.0814608966,0.34652736602462075
30,0.25,55.01410241655151,290834.5187358042,0.3463552060875555
30.1,0.25,55.03658656768615,290715.7038222669,0.34621370925271155
30.200000000000003,0.25,55.058390886307244,290600.57408940955,0.3460766011043255
30.3,0.25,55.08193933065509,290476.33751514304,0.34592864760667763
30.4,0.25,55.10716286336538,290343.38130727137,0.3457703098860447
30.5,0.25,55.12940104928507,290226.26213000534,0.34563083250572857
30.6,0.25,55.14282523607389,290155.6083044682,0.3455466907731338
30.700000000000003,0.25,55.1668277066072,290029.3648402719,0.34539634726766205
30.8,0.25,55.18805956722698,289917.7852142039,0.3452634669460622
30.9,0.25,55.21328087215181,289785.3514093562,0.345105751355869
31,0.25,55.23763533958634,289657.58403009543,0.3449535930179678
31.1,0.25,55.26517758671303,289513.22873966035,0.34478168011510535
31.200000000000003,0.25,55.29606598484792,289351.50656801293,0.3445890849708517
31.3,0.25,55.32078894644482,289222.19485136674,0.3444350874795525
31.4,0.25,55.34455389100256,289098.00287686737,0.34428718709582523
31.5,0.25,55.36991340950268,288965.5954790432,0.34412950295379063
31.6,0.25,55.39401518148252,288839.8674040979,0.34397977322604734
31.700000000000003,0.25,55.4164377157341,288722.9973545774,0.3438405925322869
31.8,0.25,55.43996211652341,288600.4858078959,0.3436946933722304
31.9,0.25,55.46612032262129,288464.3798220472,0.3435326045769138
20,0.35,53.87563591300648,296980.2532973413,0.33118308897164495
20.1,0.35,53.8925500721294,296887.0461424764,0.3310791472680478
20.2,0.35,53.90821943810041,296800.7507347158,0.3309829133286229
20.3,0.35,53.924318955613025,296712.1386024394,0.3308840958504848
20.4,0.35,53.9357796022366,296649.0911598229,0.33081378731459504
20.5,0.35,53.955207684532674,296542.2743537454,0.3306946685536739
20.6,0.35,53.972733863384654,296445.9803073728,0.33058728444522506
20.7,0.35,53.989606287896564,296353.33724570787,0.3304839718007198
20.8,0.35,54.00817222130605,296251.4623608768,0.33037036411578996
20.9,0.35,54.02638515346246,296151.592495997,0.33025899236639306
21,0.35,54.044674099669244,296051.37354501913,0.3301472313270989
21.1,0.35,54.06131173464881,295960.26227653166,0.3300456268904309
21.2,0.35,54.07967437773243,295859.76957339223,0.3299335605712891
21.3,0.35,54.10041962659313,295746.31972235534,0.32980704484611
21.4,0.35,54.1232895463677,295621.3514386024,0.32966768412506114
21.5,0.35,54.1415444740178,295521.6766614093,0.32955652993135015
21.6,0.35,54.164503337812384,295396.41303846973,0.32941683985727854
21.7,0.35,54.18701855518312,295273.6730422966,0.32927996405283816
21.8,0.35,54.20548702779038,295173.0696893661,0.3291677743405105
21.9,0.35,54.21715284892894,295109.55775531987,0.32909694781830756
22,0.35,54.23765583149538,294998.0000925653,0.32897254220231353
22.1,0.35,54.261262078537825,294869.6618379716,0.32882942339519533
22.2,0.35,54.28463475126383,294742.70340609585,0.32868784332321155
22.3,0.35,54.311640347951126,294596.14729908615,0.3285244085369312
22.4,0.35,54.33468319692967,294471.21173063404,0.3283850842989625
22.5,0.35,54.35778790855935,294346.0471002829,0.3282455046183291
22.6,0.35,54.378287811850406,294235.08249028015,0.32812176035621327
22.7,0.35,54.39987890177366,294118.30178685073,0.32799153016863475
22.8,0.35,54.42381749332345,293988.9323633505,0.32784726143420684
22.9,0.35,54.449997302968505,293847.58112977375,0.3276896309599711
23,0.35,54.476382384989485,293705.25904100173,0.3275309178183899
23.1,0.35,54.50194963060403,293567.479850586,0.3273772707749542
23.2,0.35,54.52704621291613,293432.36267601064,0.3272265923283163
23.3,0.35,54.55267754879548,293294.49476954737,0.3270728463515195
23.4,0.35,54.578916150304025,293153.49458274053,0.32691560735366093
23.5,0.35,54.60624869937684,293006.7598689047,0.3267519733906349
23.6,0.35,54.62915588990697,292883.8957761763,0.32661495919759775
23.7,0.35,54.65749159262569,292732.0580178015,0.32644563447892444
23.8,0.35,54.68409991599642,292589.6197355095,0.3262867917619643
23.9,0.35,54.709662857325306,292452.9080306276,0.32613433514500517
24,0.35,54.73927940421223,292294.6771339629,0.32595788099848755
24.1,0.35,54.76735977359586,292144.8115472938,0.32579075558401116
24.2,0.35,54.79523468864933,291996.1943937864,0.3256250223831459
24.3,0.35,54.82042785752489,291862.00519235403,0.3254753787831301
24.4,0.35,54.84655157774926,291722.9896818354,0.32532035303418766
24.5,0.35,54.88144824185137,291537.4960495076,0.32511349633763353
24.6,0.35,54.910554731320154,291382.9604943663,0.324941163120393
24.7,0.35,54.93809638206223,291236.88394168933,0.32477826311810415
24.8,0.35,54.970232256688455,291066.62539256806,0.32458839610979046
24.9,0.35,55.00082972552565,290904.702344417,0.32440782459142525
25,0.35,55.033960307901005,290729.5769827225,0.3242125302659632
25.1,0.35,55.06377081965915,290572.18134228466,0.3240370075710631
25.2,0.35,55.09364363590191,290414.627606397,0.3238613085730625
25.3,0.35,55.1179252747797,290286.688409172,0.3237186347822394
25.4,0.35,55.14944708143319,290120.7690509488,0.32353360670388587
25.5,0.35,55.178549302526946,289967.75381456554,0.3233629688985689
25.6,0.35,55.20977847489593,289803.734808957,0.32318006003400845
25.7,0.35,55.24400387752089,289624.1922557408,0.3229798397947306
25.8,0.35,55.28270438886942,289421.4416041019,0.3227537386100382
25.9,0.35,55.31442566085581,289255.46652331366,0.3225686483916231
26,0.35,55.34614839132195,289089.6740794475,0.3223837618441907
26.1,0.35,55.37967700163302,288914.6500353947,0.32218858050499344
26.2,0.35,55.41229364092548,288744.5898500579,0.32199893470576735
26.3,0.35,55.44117927786341,288594.1498432103,0.3218311687158757
26.4,0.35,55.4725337602181,288431.02911362477,0.3216492615806381
26.5,0.35,55.50657539631749,288254.13720374287,0.32145199725589485
26.6,0.35,55.54231739580988,288068.64297684206,0.32124513989629155
26.7,0.35,55.56940651752027,287928.2145105404,0.32108853846325697
26.8,0.35,55.60280664296885,287755.2585202684,0.3208956633529476
26.9,0.35,55.63654597769293,287580.75683589495,0.3207010645329254
27,0.35,55.67105063027805,287402.515649633,0.3205022955373683
27.1,0.35,55.70578224370462,287223.32504016097,0.3203024677747452
27.2,0.35,55.74309582292381,287031.06212160096,0.32008806218192737
27.3,0.35,55.77606107463955,286861.41853202565,0.31989888095726343
27.4,0.35,55.80982040293803,286687.89622476016,0.31970537430795726
27.5,0.35,55.84361528991858,286514.40127817926,0.3195118981704307
27.6,0.35,55.87911861408302,286332.3616555322,0.31930889327743156
27.7,0.35,55.91852308575945,286130.58995606157,0.31908388378957564
27.8,0.35,55.95389512390547,285949.7084978493,0.31888217044532696
27.9,0.35,55.989201374638455,285769.39136780676,0.318681086422201
28,0.35,56.02677998171758,285577.7184628681,0.31846733879411815
28.1,0.35,56.06290129807789,285393.72079462034,0.3182621503499125
28.200000000000003,0.35,56.09811339588513,285214.58265606523,0.31806238110121465
28.3,0.35,56.13480775326272,285028.1427938093,0.31785446919864263
28.4,0.35,56.170408524057585,284847.4921300823,0.31765301322918466
28.5,0.35,56.21024484152132,284645.62011978886,0.31742789187783693
28.6,0.35,56.24738354878781,284457.67590455,0.31721830236787435
28.700000000000003,0.35,56.28910561015223,284246.8329629004,0.3169831769144878
28.8,0.35,56.325207527245425,284064.64356585883,0.3167800049977688
28.9,0.35,56.36306839147031,283873.82831736247,0.316567213801323
29,0.35,56.402663276170195,283674.5478073889,0.31634498241007014
29.1,0.35,56.44053338233662,283484.2096833778,0.31613272328792597
29.200000000000003,0.35,56.47646091949857,283303.8710199346,0.31593161525142516
29.3,0.35,56.51470737574117,283112.14448343706,0.31571780781510544
29.4,0.35,56.555806426795655,282906.40715573524,0.31548837598269047
29.5,0.35,56.594430908334694,282713.3296192165,0.3152730619534062
29.6,0.35,56.633374061813996,282518.92572277924,0.3150562688090292
29.700000000000003,0.35,56.671840089231836,282327.1659223951,0.31484242427786363
29.8,0.35,56.713537569652686,282119.5905889244,0.31461094275890783
29.9,0.35,56.75315154218249,281922.66975883796,0.3143913428088546
30,0.35,56.79288406497723,281725.4355615091,0.3141713934014547
30.1,0.35,56.83002104585985,281541.3351173767,0.3139660903447974
30.200000000000003,0.35,56.87267707315239,281330.17159399803,0.31373060738869435
30.3,0.35,56.90789775893675,281156.0544333652,0.31353643737751985
30.4,0.35,56.950927898662904,280943.6227004064,0.3132995401537625
30.5,0.35,56.994967737793885,280726.5384131493,0.313057454546983
30.6,0.35,57.035188784306406,280528.57088819705,0.3128366873555559
30.700000000000003,0.35,57.07558971176834,280329.99888043175,0.31261524606380386
30.8,0.35,57.11630331185694,280130.1742628451,0.3123924079007605
30.9,0.35,57.156962450209384,279930.9010505576,0.31217018464765894
31,0.35,57.202546162572105,279707.82899291423,0.3119214216666414
31.1,0.35,57.24200861207677,279514.99935004656,0.3117063840806027
31.200000000000003,0.35,57.287389868645946,279293.5764168405,0.3114594601515732
31.3,0.35,57.326956183658126,279100.8116450639,0.3112444949077462
31.4,0.35,57.36933051321951,278894.66125656024,0.3110146024428455
31.5,0.35,57.40673379538897,278712.9478055265,0.3108119612862269
31.6,0.35,57.448371153441585,278510.9425864284,0.310586691384587
31.700000000000003,0.35,57.49044581691706,278307.1129932317,0.3103593869980184
31.8,0.35,57.53240754116424,278104.1274615886,0.31013302388249236
31.9,0.35,57.57493212815294,277898.7209986885,0.3099039610201549
20,0.45000000000000007,55.53957251142851,288082.8799448833,0.30795680485447174
20.1,0.45000000000000007,55.578532873447166,287880.93482841924,0.3077409281844172
20.2,0.45000000000000007,55.61038120036789,287716.06406276807,0.3075646835071439
20.3,0.45000000000000007,55.64327641140368,287545.97198235645,0.30738285731315196
20.4,0.45000000000000007,55.67599468159334,287376.9941875803,0.30720222227583016
20.5,0.45000000000000007,55.70366908241947,287234.22107664595,0.3070495997004418
20.6,0.45000000000000007,55.7382148549739,287056.1972899678,0.30685929461690475
20.7,0.45000000000000007,55.77338782724271,286875.1679485524,0.3066657766349342
20.8,0.45000000000000007,55.800961284933145,286733.41160379205,0.30651424096919594
20.9,0.45000000000000007,55.83548407043395,286556.12584672356,0.30632472482959244
21,0.45000000000000007,55.869655126627976,286380.86209295853,0.3061373701848923
21.1,0.45000000000000007,55.90513720984551,286199.10080789897,0.3059430697648052
21.2,0.45000000000000007,55.942208738605736,286009.44368788204,0.3057403288011301
21.3,0.45000000000000007,55.97928420602485,285820.0176535658,0.3055378348650259
21.4,0.45000000000000007,56.01214127186801,285652.3538769972,0.30535860449586344
21.5,0.45000000000000007,56.0529589505943,285444.34227107576,0.3051362428284694
21.6,0.45000000000000007,56.089021120043085,285260.81718838366,0.3049400569319409
21.7,0.45000000000000007,56.12630746184669,285071.3101138252,0.30473747636488496
21.8,0.45000000000000007,56.166357532673004,284868.0367191785,0.30452017978294543
21.9,0.45000000000000007,56.20423676050271,284676.0479673293,0.30431494633554723
22,0.45000000000000007,56.23855390958091,284502.33670169476,0.3041292512802136
22.1,0.45000000000000007,56.28068805247939,284289.34602008894,0.3039015670464832
22.2,0.45000000000000007,56.31956745690603,284093.09095356066,0.30369177296487687
22.3,0.45000000000000007,56.35821882057494,283898.255389129,0.30348349631231814
22.4,0.45000000000000007,56.401197902294584,283681.91802800464,0.3032522345222553
22.5,0.45000000000000007,56.440957833625184,283482.0778053462,0.3030386079559593
22.6,0.45000000000000007,56.48132269852155,283279.4848910083,0.3028220387985085
22.7,0.45000000000000007,56.5180624549542,283095.33810986986,0.30262518831452806
22.8,0.45000000000000007,56.56333489217806,282868.75288558315,0.3023829716937003
22.9,0.45000000000000007,56.60397243612811,282665.6736513394,0.30216588266667466
23,0.45000000000000007,56.64622876237704,282454.8138432613,0.30194047630868354
23.1,0.45000000000000007,56.68752188808431,282249.06411658105,0.3017205325604113
23.2,0.45000000000000007,56.73205123780137,282027.52502167545,0.3014837101854388
23.3,0.45000000000000007,56.774546807515904,281816.4283062475,0.3012580505766106
23.4,0.45000000000000007,56.814771989397734,281616.9006712863,0.30104475816244636
23.5,0.45000000000000007,56.85336222276397,281425.7481784188,0.3008404186648868
23.6,0.45000000000000007,56.89938952179329,281198.09605113196,0.30059706153880217
23.7,0.45000000000000007,56.94666065390667,280964.67494801845,0.3003475374535313
23.8,0.45000000000000007,56.98960452005544,280752.957223442,0.3001212139941015
23.9,0.45000000000000007,57.034196238290455,280533.45282804646,0.29988656668610997
24,0.45000000000000007,57.07864747429354,280314.9813107591,0.2996530235112139
24.1,0.45000000000000007,57.128495668005144,280070.38891732646,0.2993915574637083
24.2,0.45000000000000007,57.17113467454761,279861.5086281145,0.2991682671853165
24.3,0.45000000000000007,57.21353410708137,279654.1106874163,0.2989465615179647
24.4,0.45000000000000007,57.26377552324799,279408.75106120633,0.29868427530872393
24.5,0.45000000000000007,57.30504264519201,279207.5402345491,0.2984691835848029
24.6,0.45000000000000007,57.35048849603748,278986.2897350123,0.298232669714479
24.7,0.45000000000000007,57.39641490943309,278763.0555888675,0.29799403535205415
24.8,0.45000000000000007,57.44364990877373,278533.8331636239,0.29774899959813317
24.9,0.45000000000000007,57.49066164365603,278306.06819543475,0.29750552184661
25,0.45000000000000007,57.53493796431601,278091.8962652472,0.29727657487370174
25.1,0.45000000000000007,57.58622694478816,277844.21464771935,0.2970118064863208
25.2,0.45000000000000007,57.639690989494206,277586.4985625316,0.2967363113851568
25.3,0.45000000000000007,57.687591657049325,277356.0056921674,0.2964899175421326
25.4,0.45000000000000007,57.733490269199436,277135.50532620284,0.2962542055547189
25.5,0.45000000000000007,57.77673023000207,276928.097805223,0.2960324896461722
25.6,0.45000000000000007,57.82575277452732,276693.3283581588,0.2957815241989746
25.7,0.45000000000000007,57.87475446135379,276459.05626578676,0.2955310904173931
25.8,0.45000000000000007,57.917184595552925,276256.5223384241,0.2953145843162421
25.9,0.45000000000000007,57.966971086240385,276019.2520012128,0.29506094545041184
26,0.45000000000000007,58.0190025765341,275771.7177039378,0.29479633454644105
26.1,0.45000000000000007,58.06775359432199,275540.192441068,0.29454883708942414
26.2,0.45000000000000007,58.122170025258924,275282.22007276514,0.29427306802498515
26.3,0.45000000000000007,58.17276914802463,275042.77747698233,0.29401710704334877
26.4,0.45000000000000007,58.21739866908797,274831.92938497977,0.2937917132096881
26.5,0.45000000000000007,58.25598408330898,274649.89651739807,0.2935971224714614
26.6,0.45000000000000007,58.30453604132307,274421.18720677367,0.2933526352303111
26.7,0.45000000000000007,58.35572113395002,274180.4863189595,0.2930953291510638
26.8,0.45000000000000007,58.40960346416986,273927.55730339553,0.29282495136428605
26.9,0.45000000000000007,58.46716789452026,273657.8592085281,0.29253664765256737
27,0.45000000000000007,58.51700877339618,273424.7757256202,0.29228748447885017
27.1,0.45000000000000007,58.56882211596232,273182.88847129414,0.29202891018942506
27.2,0.45000000000000007,58.61584029263148,272963.7572390366,0.2917946617879138
27.3,0.45000000000000007,58.67303347206226,272697.67818666744,0.2915102267849661
27.4,0.45000000000000007,58.720272041258966,272478.3016801732,0.29127571618852577
27.5,0.45000000000000007,58.7713638428772,272241.42769215524,0.2910225010147636
27.6,0.45000000000000007,58.8275759947749,271981.2898872653,0.29074441712713
27.7,0.45000000000000007,58.88325842940902,271724.09317635285,0.29046947723022665
27.8,0.45000000000000007,58.938335564728575,271470.1704195247,0.29019803714712417
27.9,0.45000000000000007,58.99075409080264,271228.94505419774,0.28994017040832265
28,0.45000000000000007,59.04482354852939,270980.57100381504,0.2896746618193386
28.1,0.45000000000000007,59.09747983339569,270739.12534183025,0.28941655958631096
28.200000000000003,0.45000000000000007,59.151919269887905,270489.9553131663,0.28915020010702663
28.3,0.45000000000000007,59.20492666938461,270247.7800428345,0.2888913179322844
28.4,0.45000000000000007,59.26003339252786,269996.4729013712,0.28862267390756147
28.5,0.45000000000000007,59.3094227142724,269771.63607005926,0.28838232629579896
28.6,0.45000000000000007,59.37212782026821,269486.7202407724,0.28807775502639055
28.700000000000003,0.45000000000000007,59.4229909379317,269256.0530437161,0.28783117483042825
28.8,0.45000000000000007,59.478328101532654,269005.5438795649,0.28756338383294333
28.9,0.45000000000000007,59.53968779979304,268728.3153684191,0.28726703020539224
29,0.45000000000000007,59.59614563511284,268473.73818371777,0.2869948905475116
29.1,0.45000000000000007,59.654549815796464,268210.8916990472,0.2867139111168635
29.200000000000003,0.45000000000000007,59.70999915716669,267961.8192237003,0.28644765592079047
29.3,0.45000000000000007,59.7666730010488,267707.7239972723,0.286176031469957
29.4,0.45000000000000007,59.82488627572314,267447.22800238366,0.28589756468193184
29.5,0.45000000000000007,59.88373766075767,267184.3913725001,0.28561659578592125
29.6,0.45000000000000007,59.935302334423206,266954.52224006836,0.2853708687105328
29.700000000000003,0.45000000000000007,59.99489064034566,266689.37686570664,0.28508743179707924
29.8,0.45000000000000007,60.05127987398882,266438.9507363421,0.2848197295626878
29.9,0.45000000000000007,60.11447720791958,266158.84797035437,0.2845203033945622
30,0.45000000000000007,60.17099844400112,265908.83338741,0.28425304109787414
30.1,0.45000000000000007,60.230022709906265,265648.2478358491,0.28397447857494573
30.200000000000003,0.45000000000000007,60.29249030117749,265373.016109894,0.2836802594844675
30.3,0.45000000000000007,60.35281954182501,265107.7467708342,0.28339669005438434
30.4,0.45000000000000007,60.40674689305668,264871.07521824,0.2831436912814242
30.5,0.45000000000000007,60.46616442355558,264610.7976673139,0.2828654580071183
30.6,0.45000000000000007,60.527978011231845,264340.5665563612,0.28257658450822387
30.700000000000003,0.45000000000000007,60.58852283644399,264076.41663737677,0.28229421172345937
30.8,0.45000000000000007,60.64599242607812,263826.1715232466,0.28202670299196964
30.9,0.45000000000000007,60.6978589032195,263600.7313785386,0.2817857104461318
31,0.45000000000000007,60.75843008903249,263337.9430073221,0.2815047931380008
31.1,0.45000000000000007,60.82528660489964,263048.4933664276,0.28119537528369026
31.200000000000003,0.45000000000000007,60.88710329491567,262781.42881098547,0.28090988679093576
31.3,0.45000000000000007,60.95054476103479,262507.9080544769,0.28061749670426395
31.4,0.45000000000000007,61.01594263362688,262226.54783968115,0.2803167263399221
31.5,0.45000000000000007,61.07794520323968,261960.35159269458,0.2800321660574717
31.6,0.45000000000000007,61.14178350907226,261686.83806264677,0.2797397836957913
31.700000000000003,0.45000000000000007,61.20533275306638,261415.12970041652,0.2794493310347353
31.8,0.45000000000000007,61.26275326191534,261170.1098642358,0.279187408056561
31.9,0.45000000000000007,61.3252388123095,260903.99825378915,0.2789029382494572
20,0.55,58.032584886276226,275707.17436341086,0.2859267076662345
20.1,0.55,58.07829694487883,275490.1717449694,0.28570166149400783
20.2,0.55,58.12748938604184,275257.0284558356,0.2854598763709677
20.3,0.55,58.177417992510605,275020.7993427921,0.28521489104295294
20.4,0.55,58.22789671141937,274782.37930002646,0.2849676335748547
20.5,0.55,58.28308085200485,274522.2072358864,0.28469781781145265
20.6,0.55,58.33118222386093,274295.82926325547,0.2844630487723372
20.7,0.55,58.38761737624148,274030.70580699126,0.2841880980854363
20.8,0.55,58.43763494980927,273796.1591659558,0.28394485759298166
20.9,0.55,58.48475431625715,273575.57002769934,0.28371609196076975
21,0.55,58.53568068359471,273337.55776216986,0.28346925738483186
21.1,0.55,58.58639641812085,273100.94114358566,0.28322387018775547
21.2,0.55,58.638078438204346,272860.23734324065,0.28297424431090146
21.3,0.55,58.693710310074785,272601.61123693007,0.28270603180876164
21.4,0.55,58.75318514893564,272325.66131420794,0.2824198533548753
21.5,0.55,58.80684596678602,272077.16613533,0.28216214729941425
21.6,0.55,58.856911811355324,271845.7273341532,0.28192212984394
21.7,0.55,58.899978189838286,271646.9596717168,0.28171599453591917
21.8,0.55,58.95568308153955,271390.2912102801,0.2814498122419335
21.9,0.55,59.011416968472574,271133.974101116,0.281183994323662
22,0.55,59.07255998931411,270853.3370298208,0.2808929549844434
22.1,0.55,59.130396109606075,270588.4122667108,0.28061821035558054
22.2,0.55,59.18262845847296,270349.6011710061,0.28037054733953226
22.3,0.55,59.236685920249926,270102.8889688516,0.28011469034971687
22.4,0.55,59.3028144163828,269801.69756631134,0.27980233479964983
22.5,0.55,59.35494912984966,269564.71590931894,0.27955656903342496
22.6,0.55,59.415066230249955,269291.9660813898,0.279273709291032
22.7,0.55,59.47375819104362,269026.21402542375,0.2789981067043625
22.8,0.55,59.533448520132744,268756.47888244194,0.2787183733911009
22.9,0.55,59.59269889412077,268489.26625101233,0.27844125609037085
23,0.55,59.64915656170674,268235.14232675,0.27817771265095426
23.1,0.55,59.712401931987344,267951.0366744929,0.2778830761621984
23.2,0.55,59.77275821264903,267680.4698066301,0.277602480294825
23.3,0.55,59.82779999463264,267434.20285277773,0.27734708505716177
23.4,0.55,59.89555182211688,267131.69030512014,0.27703335939159224
23.5,0.55,59.95174912024829,266881.28761527844,0.27677367512018175
23.6,0.55,60.01826618020374,266585.50835107925,0.27646693231813574
23.7,0.55,60.08065036843119,266308.7017514552,0.27617986543322953
23.8,0.55,60.145757459120375,266020.42564473173,0.27588090390535275
23.9,0.55,60.20878893361672,265741.93375058286,0.27559208925774853
24,0.55,60.27198735766056,265463.289024373,0.27530311611311525
24.1,0.55,60.335767655021385,265182.6706089554,0.2750120961212847
24.2,0.55,60.39904356556868,264904.8570219583,0.2747239849233863
24.3,0.55,60.45745846199899,264648.90200531547,0.2744585425191822
24.4,0.55,60.52009471663765,264374.99932731304,0.2741744871944594
24.5,0.55,60.590593082494514,264067.3937324873,0.2738554796996733
24.6,0.55,60.65909929558724,263769.1654805687,0.2735461971342086
24.7,0.55,60.72718464666514,263473.4360417719,0.27323950600442426
24.8,0.55,60.79387751497079,263184.3970811028,0.27293975334618387
24.9,0.55,60.855176707843086,262919.2924180253,0.2726648221490696
25,0.55,60.92190826703802,262631.30054737383,0.2723661553929355
25.1,0.55,60.986775842903654,262351.9571064805,0.2720764576346265
25.2,0.55,61.05583843433894,262055.2007848819,0.27176870155896493
25.3,0.55,61.11995063657782,261780.31613828967,0.27148362786739494
25.4,0.55,61.1932771325611,261466.63080880104,0.27115831528272616
25.5,0.55,61.262036252098774,261173.16659470092,0.27085397334186356
25.6,0.55,61.32883748033556,260888.68886729234,0.27055895098638766
25.7,0.55,61.40386969700907,260569.8969617113,0.2702283425421065
25.8,0.55,61.4729320412367,260277.15725788104,0.26992475196666127
25.9,0.55,61.54024555039791,259992.46276807465,0.2696295048141379
26,0.55,61.61002426317941,259697.99868366928,0.2693241259411565
26.1,0.55,61.682864213100586,259391.32697735235,0.26900608695097045
26.2,0.55,61.752348292967326,259099.45843828196,0.26870339983141894
26.3,0.55,61.82431894557481,258797.83672320147,0.2683905980185799
26.4,0.55,61.883143139688485,258551.83153647007,0.26813547425086026
26.5,0.55,61.954742675049054,258253.02969813894,0.26782559683807294
26.6,0.55,62.02662891696494,257953.72534946568,0.26751519828858317
26.7,0.55,62.09565946775127,257666.9631523832,0.267217806785862
26.8,0.55,62.1726577862729,257347.8530546693,0.2668868683551409
26.9,0.55,62.2533537335928,257014.26574495007,0.26654091609108577
27,0.55,62.32693761120411,256710.83183659875,0.266226234913095
27.1,0.55,62.40663442002984,256382.99755618113,0.2658862489236975
27.2,0.55,62.48248099256786,256071.77797410384,0.2655634934833645
27.3,0.55,62.55623789087069,255769.85668338923,0.26525038099063486
27.4,0.55,62.629587713248014,255470.30699382245,0.2649397280062937
27.5,0.55,62.70076887232007,255180.28387469062,0.2646389547101619
27.6,0.55,62.77905282537184,254862.08026276052,0.26430895636558943
27.7,0.55,62.85465607390547,254555.52538839693,0.2639910385379225
27.8,0.55,62.930987861539634,254246.76369617938,0.2636708320931208
27.9,0.55,63.014737287497674,253908.85828820954,0.2633204016735044
28,0.55,63.090624410794035,253603.44979027653,0.2630036727145685
28.1,0.55,63.15937461631456,253327.39751142304,0.2627173881105549
28.200000000000003,0.55,63.23570399441226,253021.61578550338,0.2624002720893321
28.3,0.55,63.31471636184312,252705.8623868758,0.26207281477918964
28.4,0.55,63.393005685782065,252393.7747849763,0.26174915914447283
28.5,0.55,63.477778148482436,252056.71128838198,0.2613996018430417
28.6,0.55,63.553794136792845,251755.22905149747,0.261086944678384
28.700000000000003,0.55,63.634410548174436,251436.28835670912,0.26075618192978245
28.8,0.55,63.702583256690296,251167.20833012086,0.2604771280158654
28.9,0.55,63.77920929616757,250865.4493614336,0.26016418386189216
29,0.55,63.86726485475047,250519.57425118878,0.2598054883300681
29.1,0.55,63.94894165676496,250199.60589617374,0.25947365982934784
29.200000000000003,0.55,64.02956820126111,249884.55255090832,0.25914692852118015
29.3,0.55,64.11212736320148,249562.7685127095,0.2588132170360359
29.4,0.55,64.19259747014137,249249.92336448547,0.25848877577531215
29.5,0.55,64.27358945414191,248935.84030211542,0.25816305071514806
29.6,0.55,64.33623522752352,248693.44535651477,0.2579116710079984
29.700000000000003,0.55,64.41517117128727,248388.69025829615,0.2575956196680964
29.8,0.55,64.50382654810593,248047.2997686029,0.2572415749865536
29.9,0.55,64.58522628148106,247734.67433972255,0.25691736158942713
30,0.55,64.665708846355,247426.34520586205,0.2565976037364591
30.1,0.55,64.75407487944513,247088.6971945433,0.25624744025431784
30.200000000000003,0.55,64.83786535692245,246769.38255018837,0.25591628969510294
30.3,0.55,64.92537295539073,246436.7822883877,0.2555713610654974
30.4,0.55,65.0048132405925,246135.61984681993,0.2552590355498882
30.5,0.55,65.08893923819224,245817.49506545466,0.2549291189578632
30.6,0.55,65.17281180591905,245501.1462087457,0.2546010441180205
30.700000000000003,0.55,65.25688591930414,245184.85328560427,0.2542730272850136
30.8,0.55,65.34599102483043,244850.52180049205,0.25392630326149834
30.9,0.55,65.43325290679313,244523.9887858138,0.253587666771364
31,0.55,65.51568773495677,244216.3175440954,0.25326859119637674
31.1,0.55,65.60075910932629,243899.61666960834,0.2529401512906464
31.200000000000003,0.55,65.68498639668869,243586.86631023785,0.25261580833227865
31.3,0.55,65.77292713717536,243261.18201536874,0.25227805202112885
31.4,0.55,65.85768230079552,242948.11844307388,0.251953384240092
31.5,0.55,65.95228976574167,242599.6133997922,0.2515919612925003
31.6,0.55,66.04229251287816,242268.9975045918,0.25124909058325945
31.700000000000003,0.55,66.12295645949087,241973.45153195222,0.25094258972010286
31.8,0.55,66.21073822571533,241652.64470326994,0.2506098916663298
31.9,0.55,66.30373894126238,241313.69143713283,0.2502583745479847
20,0.65,61.07736018513819,261962.86073105762,0.2654409448607039
20.1,0.65,61.14364023108242,261678.89153361836,0.2651532054007314
20.2,0.65,61.2149092915169,261374.2335842563,0.26484450250402186
20.3,0.65,61.28541581649227,261073.53253356414,0.26453980904177465
20.4,0.65,61.354649413827026,260778.93285776323,0.2642412979624483
20.5,0.65,61.419318170042885,260504.35720733803,0.2639630767677293
20.6,0.65,61.48834049329639,260211.93402909223,0.26366677108334285
20.7,0.65,61.56350626331692,259894.2290837928,0.2633448479655702
20.8,0.65,61.63876209074311,259576.9197383488,0.26302332570003706
20.9,0.65,61.71330245709226,259263.38994942632,0.26270563317224394
21,0.65,61.78098821271238,258979.3472534283,0.2624178192378714
21.1,0.65,61.85620325576623,258664.43715988146,0.2620987280791324
21.2,0.65,61.92996732168354,258356.3449483352,0.2617865453234974
21.3,0.65,62.001651785890616,258057.64103273512,0.26148387551232943
21.4,0.65,62.07272574569189,257762.16217008108,0.26118447357317526
21.5,0.65,62.154607808425865,257422.5880294428,0.26084039090248773
21.6,0.65,62.22930622532636,257113.58474840666,0.26052728498108196
21.7,0.65,62.30569948690737,256798.3367775554,0.26020785145903746
21.8,0.65,62.38819750617727,256458.76366945502,0.25986376983459686
21.9,0.65,62.46297309403591,256151.75210940628,0.2595526820782826
22,0.65,62.543737563189026,255820.97622219846,0.2592175144755447
22.1,0.65,62.62328120150394,255496.03427064995,0.2588882582657018
22.2,0.65,62.70001099453815,255183.36833136718,0.2585714410568907
22.3,0.65,62.766146944508435,254914.4846209152,0.25829898737410206
22.4,0.65,62.84731975789403,254585.2402558551,0.25796537162755034
22.5,0.65,62.92494403963676,254271.18361712826,0.2576471452549616
22.6,0.65,63.00514771471429,253947.50397931918,0.25731916811861316
22.7,0.65,63.098636641763385,253571.24736051756,0.2569379159360477
22.8,0.65,63.17991940036182,253245.02075747141,0.2566073580183734
22.9,0.65,63.26778603265414,252893.31274753294,0.25625098037685345
23,0.65,63.350054941898954,252564.89540023738,0.2559182026283913
23.1,0.65,63.43569336530067,252223.9318464201,0.25557271209726895
23.2,0.65,63.517063831460376,251900.81270846003,0.2552453029025329
23.3,0.65,63.6031252581712,251559.96556858587,0.25489993033098296
23.4,0.65,63.687293196968696,251227.50861017196,0.2545630593374359
23.5,0.65,63.7718678520031,250894.32909714332,0.2542254561959076
23.6,0.65,63.86539572018317,250526.90615277237,0.2538531549725771
23.7,0.65,63.95206870891171,250187.3719336057,0.25350911275339905
23.8,0.65,64.02927877387147,249885.6820878193,0.25320341736781293
23.9,0.65,64.11593436974242,249547.95024481023,0.25286120145496294
24,0.65,64.20549835690572,249199.84128242647,0.25250847064559645
24.1,0.65,64.29909422741484,248837.09781992808,0.25214091103367703
24.2,0.65,64.38573073865057,248502.26620780196,0.25180163385811116
24.3,0.65,64.47154170692761,248171.51221126708,0.25146648843668895
24.4,0.65,64.55205092757377,247861.99307519617,0.25115285981123475
24.5,0.65,64.63869595041764,247529.74614885656,0.25081620163836044
24.6,0.65,64.74007199516025,247142.14097871416,0.2504234502295982
24.7,0.65,64.8302298655503,246798.44623691723,0.2500751922484797
24.8,0.65,64.92295917786316,246445.94458743546,0.2497180104302545
24.9,0.65,65.01120449940169,246111.4222264141,0.2493790466117241
25,0.65,65.08411266450791,245835.7246487471,0.24909968859392148
25.1,0.65,65.1728855240086,245500.86851848636,0.2487603865746934
25.2,0.65,65.26512718254811,245153.89290895915,0.2484088041657233
25.3,0.65,65.36896824441645,244764.4567400168,0.24801419744796754
25.4,0.65,65.45430129403141,244445.35628186428,0.24769086028910042
25.5,0.65,65.5466988213137,244100.77529026236,0.24734170429142732
25.6,0.65,65.65208914511692,243708.92394046613,0.24694465032643173
25.7,0.65,65.74598121496864,243360.88235849797,0.24659198779209146
25.8,0.65,65.83813482284455,243020.2502402652,0.24624683309702788
25.9,0.65,65.93330850213918,242669.45438481803,0.2458913797206857
26,0.65,66.03153895791529,242308.452180669,0.24552558448582415
26.1,0.65,66.12771258467312,241956.0479959567,0.24516850142640936
26.2,0.65,66.22427252365895,241603.25799402205,0.24481102742727218
26.3,0.65,66.32272340501676,241244.6169059115,0.2444476246570159
26.4,0.65,66.4181570172412,240897.9820961703,0.24409638757263477
26.5,0.65,66.51367179967582,240552.04842980843,0.24374586094072226
26.6,0.65,66.61178697054045,240197.72967622257,0.24338683789267937
26.7,0.65,66.72088539332589,239804.97119722702,0.2429888647545189
26.8,0.65,66.81011117427163,239484.7085086359,0.2426643499342653
26.9,0.65,66.90923241240237,239129.9290564604,0.2423048600709319
27,0.65,67.01978847283112,238735.45954992343,0.2419051531878963
27.1,0.65,67.1150883376153,238396.46786298938,0.24156166070415802
27.2,0.65,67.20839268881902,238065.50580790493,0.24122630446179033
27.3,0.65,67.30923550454229,237708.8356458938,0.24086489878564354
27.4,0.65,67.41381266185788,237340.08459445366,0.24049125182194994
27.5,0.65,67.51444058292206,236986.3374687761,0.24013280799132614
27.6,0.65,67.62427300848603,236601.43448776437,0.23974279464869303
27.7,0.65,67.72453710315436,236251.15333944128,0.23938786281324773
27.8,0.65,67.82750584578301,235892.5011392669,0.23902444878339257
27.9,0.65,67.93945325115102,235503.8086758364,0.2386305956453359
28,0.65,68.04396763243356,235142.07881630794,0.23826406309400552
28.1,0.65,68.15086545071858,234773.24747357695,0.23789033477299262
28.200000000000003,0.65,68.24596727029615,234446.08729231026,0.23755883088196822
28.3,0.65,68.35157794885967,234083.8423945549,0.23719177645424203
28.4,0.65,68.4575361567965,233721.52867659862,0.23682465229258828
28.5,0.65,68.56153787051731,233366.99404580137,0.2364654105011296
28.6,0.65,68.67897866468574,232967.93736723243,0.2360610555421224
28.700000000000003,0.65,68.78312661748872,232615.18902706957,0.23570362375790088
28.8,0.65,68.89570730288953,232235.07858999728,0.23531846658987216
28.9,0.65,69.00289387079899,231874.33312519325,0.23495293150308708
29,0.65,69.11274797589024,231505.7709119242,0.23457947588477127
29.1,0.65,69.22286692868234,231137.49415325696,0.23420630951104157
29.200000000000003,0.65,69.34139743660172,230742.39331026853,0.23380596290929262
29.3,0.65,69.44198151154495,230408.17171007642,0.23346730384479672
29.4,0.65,69.55365367214222,230038.23890287383,0.23309245943515486
29.5,0.65,69.66724266570418,229663.17293158046,0.23271241370833934
29.6,0.65,69.77522409161145,229307.7551279919,0.23235227701819333
29.700000000000003,0.65,69.8762032880456,228976.37889746757,0.23201650110137334
29.8,0.65,69.98858309767944,228608.7143337311,0.23164395505069404
29.9,0.65,70.0996689792876,228246.4415734621,0.23127687239052327
30,0.65,70.21263400022256,227879.21615288328,0.23090477131351075
30.1,0.65,70.32735682028702,227507.48390681096,0.2305281035738271
30.200000000000003,0.65,70.44558985102049,227125.64454122775,0.2301411945222823
30.3,0.65,70.56600528126646,226738.07219533238,0.22974847637357507
30.4,0.65,70.68016642317211,226371.8495540283,0.22937739138975008
30.5,0.65,70.81724621695194,225933.66524000737,0.22893338929719287
30.6,0.65,70.93043256646513,225573.13442304547,0.22856807170813198
30.700000000000003,0.65,71.04528675766961,225208.4653352847,0.22819856090439983
30.8,0.65,71.16191678262032,224839.36244825314,0.22782455743378932
30.9,0.65,71.28368030191442,224455.30214256208,0.22743539795468748
31,0.65,71.4007434016529,224087.30270488482,0.22706251258394194
31.1,0.65,71.51604478755321,223726.0190706837,0.22669643218247804
31.200000000000003,0.65,71.63347528771396,223359.25956037207,0.22632480320162907
31.3,0.65,71.75212404736783,222989.9144091881,0.225950554250322
31.4,0.65,71.86040992526699,222653.89268777613,0.22561007116437465
31.5,0.65,71.98026750818693,222283.14167046107,0.22523439768123457
31.6,0.65,72.0929675977594,221935.6552121912,0.22488229764097675
31.700000000000003,0.65,72.21594208728304,221557.72724894687,0.22449935192350787
31.8,0.65,72.33722367059515,221186.26051864843,0.22412295322485432
31.9,0.65,72.45036508597587,220840.84712358614,0.22377295377188985
20,0.7500000000000001,64.66838696506734,247416.09851259942,0.24609322477570816
20.1,0.7500000000000001,64.7605891922647,247063.842370216,0.24574285206129173
20.2,0.7500000000000001,64.85238369773836,246714.13890616913,0.24539501837666125
20.3,0.7500000000000001,64.94579351146427,246359.29649817382,0.24504207322476648
20.4,0.7500000000000001,65.03977138872324,246003.32470993465,0.24468800473114946
20.5,0.7500000000000001,65.14645757303181,245600.4608088376,0.2442872948454035
20.6,0.7500000000000001,65.23482863611954,245267.75549987482,0.24395636843085383
20.7,0.7500000000000001,65.32886795954174,244914.69850524308,0.24360519914615136
20.8,0.7500000000000001,65.42655698666958,244549.0139922836,0.24324146985939216
20.9,0.7500000000000001,65.52845030009675,244168.75306413855,0.24286324209399615
21,0.7500000000000001,65.62730449655682,243800.96246127936,0.24249741797808796
21.1,0.7500000000000001,65.71575723940323,243472.80883809683,0.24217101891256107
21.2,0.7500000000000001,65.81497917408655,243105.75192432347,0.24180592456288155
21.3,0.7500000000000001,65.92341765226884,242705.8634064816,0.24140817415173976
21.4,0.7500000000000001,66.02329401402439,242338.7114947847,0.24104298531206747
21.5,0.7500000000000001,66.12186937874887,241977.4297116635,0.24068363521482034
21.6,0.7500000000000001,66.22686680646557,241593.79375075552,0.24030205046214118
21.7,0.7500000000000001,66.30980239733563,241291.62539387826,0.24000149772601712
21.8,0.7500000000000001,66.41189631717647,240920.69173248156,0.23963254735674142
21.9,0.7500000000000001,66.5223117173675,240520.80553031585,0.23923479924889443
22,0.7500000000000001,66.61844537738011,240173.72229812952,0.23888957178638168
22.1,0.7500000000000001,66.72084056543132,239805.13231558038,0.23852295256487246
22.2,0.7500000000000001,66.84145867519692,239372.39427626634,0.23809252827066474
22.3,0.7500000000000001,66.94685551027119,238995.54173302779,0.23771769066636964
22.4,0.7500000000000001,67.05228264271214,238619.76608993232,0.23734392420429434
22.5,0.7500000000000001,67.15893778429157,238240.8139239866,0.2369669982034643
22.6,0.7500000000000001,67.26862397427482,237852.34563618837,0.23658060696117217
22.7,0.7500000000000001,67.37260036215821,237485.26721534808,0.23621549121941876
22.8,0.7500000000000001,67.48380579908239,237093.9192083556,0.23582623565509087
22.9,0.7500000000000001,67.59300615464193,236710.88046290725,0.23544524492470545
23,0.7500000000000001,67.70224356823388,236328.94800412867,0.23506535456594388
23.1,0.7500000000000001,67.82126403560909,235914.21108871268,0.23465283514800045
23.2,0.7500000000000001,67.92092474944677,235568.05298252837,0.23430852786506587
23.3,0.7500000000000001,68.03233751675721,235182.27631174662,0.23392481384836827
23.4,0.7500000000000001,68.15430876212065,234761.3861926894,0.23350617412646776
23.5,0.7500000000000001,68.26793099205005,234370.6593636657,0.23311753641882108
23.6,0.7500000000000001,68.37248762112793,234012.25488036516,0.23276104823717184
23.7,0.7500000000000001,68.487122651096,233620.56078061782,0.23237144843056293
23.8,0.7500000000000001,68.59938576964396,233238.23997095015,0.2319911717973301
23.9,0.7500000000000001,68.72190466650413,232822.41779597517,0.2315775729224467
24,0.7500000000000001,68.83705820573822,232432.94261907096,0.23119018017463988
24.1,0.7500000000000001,68.95243345451631,232044.02221067683,0.23080333922913074
24.2,0.7500000000000001,69.07962355855695,231616.78040178126,0.23037838177833347
24.3,0.7500000000000001,69.1982842565901,231219.60568662855,0.22998333065983753
24.4,0.7500000000000001,69.30516307909723,230863.0308212301,0.2296286623135682
24.5,0.7500000000000001,69.42312341010789,230470.759799759,0.22923848866989577
24.6,0.7500000000000001,69.54648064709498,230061.96505025213,0.22883187964654475
24.7,0.7500000000000001,69.6634438405287,229675.69672017192,0.22844767659933146
24.8,0.7500000000000001,69.79233971111704,229251.52052828233,0.22802576837443125
24.9,0.7500000000000001,69.91683711685357,228843.3038419464,0.22761973432348795
25,0.7500000000000001,70.03722507628159,228449.9419069427,0.22722847559913234
25.1,0.7500000000000001,70.15890928576306,228053.7163830565,0.22683436859680797
25.2,0.7500000000000001,70.2838155834149,227648.42613034757,0.22643124533256237
25.3,0.7500000000000001,70.42069379988384,227205.94099040804,0.2259911260531069
25.4,0.7500000000000001,70.53302587258135,226844.08902156228,0.22563120881877965
25.5,0.7500000000000001,70.65745262457754,226444.61986214528,0.22523387552385518
25.6,0.7500000000000001,70.7811851238599,226048.77231147827,0.22484014447381906
25.7,0.7500000000000001,70.90397354893653,225657.31085518235,0.22445077606677358
25.8,0.7500000000000001,71.0186069256182,225293.07026196254,0.22408848297946618
25.9,0.7500000000000001,71.14903654052641,224880.06553520114,0.22367768648858566
26,0.7500000000000001,71.27932224524223,224469.02546226123,0.2232688441470002
26.1,0.7500000000000001,71.40488318736197,224074.31096857894,0.22287624009576854
26.2,0.7500000000000001,71.53093623656694,223679.44335419906,0.2224834837425384
26.3,0.7500000000000001,71.66936352775389,223247.41301496304,0.2220537633645084
26.4,0.7500000000000001,71.80859455929152,222814.55441644922,0.22162321915570168
26.5,0.7500000000000001,71.95409098651356,222364.00711390958,0.22117508082006976
26.6,0.7500000000000001,72.08529630509939,221959.27352896438,0.22077251124722072
26.7,0.7500000000000001,72.21873571176012,221549.15677088703,0.2203645872837577
26.8,0.7500000000000001,72.3473672079988,221155.2488703559,0.21997278551301966
26.9,0.7500000000000001,72.48014042187474,220750.12419776092,0.2195698269435714
27,0.7500000000000001,72.61296777607431,220346.31678106313,0.2191681785869733
27.1,0.7500000000000001,72.7499907396339,219931.29947277458,0.21875538027534983
27.2,0.7500000000000001,72.87389957020144,219557.34624283086,0.21838342648242615
27.3,0.7500000000000001,73.0087234779264,219151.89360676156,0.21798014170304456
27.4,0.7500000000000001,73.13447969583135,218775.0574905915,0.21760532043798642
27.5,0.7500000000000001,73.26822505192952,218375.70090799735,0.21720809911796388
27.6,0.7500000000000001,73.40560133674882,217967.01762035658,0.21680160096051948
27.7,0.7500000000000001,73.54284832273603,217560.24365259107,0.21639700191428107
27.8,0.7500000000000001,73.69502191084815,217111.00132863584,0.2159501615798303
27.9,0.7500000000000001,73.83552838554739,216697.84654960022,0.2155392158389686
28,0.7500000000000001,73.97127835433761,216300.16887577248,0.2151436644509954
28.1,0.7500000000000001,74.11485861557597,215881.13772151814,0.21472687375446486
28.200000000000003,0.7500000000000001,74.26346217965681,215449.15265723932,0.21429719840931788
28.3,0.7500000000000001,74.41317817920299,215015.678559899,0.21386604199260725
28.4,0.7500000000000001,74.55588592353165,214604.11611781293,0.2134566800748565
28.5,0.7500000000000001,74.69822292363904,214195.18930666064,0.2130499396959616
28.6,0.7500000000000001,74.83856911189464,213793.50500512178,0.21265040310274172
28.700000000000003,0.7500000000000001,74.97933269342474,213392.13654275573,0.2122511806599794
28.8,0.7500000000000001,75.11547032974566,213005.3892994665,0.21186650126018958
28.9,0.7500000000000001,75.26326697498091,212587.10448111076,0.211450452909081
29,0.7500000000000001,75.40896026695746,212176.377228355,0.21104192171510622
29.1,0.7500000000000001,75.56732422784701,211731.7261592796,0.2105996480872115
29.200000000000003,0.7500000000000001,75.7266633727493,211286.2139619596,0.21015651793531553
29.3,0.7500000000000001,75.87406172361992,210875.75432934985,0.20974825293058688
29.4,0.7500000000000001,76.02283216318152,210463.08779520754,0.20933779282409173
29.5,0.7500000000000001,76.17497517383757,210042.73337125062,0.20891968593306007
29.6,0.7500000000000001,76.3282377804379,209620.9799317629,0.20850018750669355
29.700000000000003,0.7500000000000001,76.46509079001764,209245.81184292227,0.20812702535042815
29.8,0.7500000000000001,76.61630913496641,208832.8213750754,0.20771624304222322
29.9,0.7500000000000001,76.77074252096762,208412.7295711655,0.20729839736707298
30,0.7500000000000001,76.92268227005869,208001.06714723632,0.20688893600205774
30.1,0.7500000000000001,77.076800559487,207585.1603058093,0.20647525291341326
30.200000000000003,0.7500000000000001,77.24818354945552,207124.6114124683,0.20601716646305485
30.3,0.7500000000000001,77.40304051897189,206710.22601597046,0.20560499668454335
30.4,0.7500000000000001,77.55267757058395,206311.38087318424,0.20520828406978442
30.5,0.7500000000000001,77.6954258236954,205932.329096269,0.20483125899058052
30.6,0.7500000000000001,77.85271161044047,205516.28413485235,0.20441743852044045
30.700000000000003,0.7500000000000001,78.02666782602178,205058.09674809698,0.20396170095026595
30.8,0.7500000000000001,78.18821038210712,204634.43173603446,0.20354030117203853
30.9,0.7500000000000001,78.35018051840014,204211.39931186862,0.20311953059941407
31,0.7500000000000001,78.50977841436921,203796.2700079613,0.2027066208909852
31.1,0.7500000000000001,78.66682680751398,203389.4164709302,0.20230194270091872
31.200000000000003,0.7500000000000001,78.82852810244282,202972.20289597384,0.20188695986553146
31.3,0.7500000000000001,78.99048452269197,202556.0432586485,0.2014730253326269
31.4,0.7500000000000001,79.15636485540963,202131.56616307833,0.20105081781290493
31.5,0.7500000000000001,79.31752332783083,201720.8723710356,0.2006423199007369
31.6,0.7500000000000001,79.48495659108164,201295.95191595325,0.20021967139203828
31.700000000000003,0.7500000000000001,79.65025936548689,200878.19082398282,0.19980414396707732
31.8,0.7500000000000001,79.81350119172329,200467.33649192686,0.19939548637326449
31.9,0.7500000000000001,79.97833361110995,200054.18064596195,0.19898453957117812
20,0.8500000000000001,68.79148356693365,232586.93039280231,0.22783046117513941
20.1,0.8500000000000001,68.90920864513615,232189.57690249628,0.22744123367730415
20.2,0.8500000000000001,69.03370018392428,231770.85912201882,0.22703107879513904
20.3,0.8500000000000001,69.15578038314833,231361.7156997455,0.22663030247281565
20.4,0.8500000000000001,69.28877328652761,230917.6399160037,0.22619530816580222
20.5,0.8500000000000001,69.4029816616545,230537.64574555855,0.22582308498477405
20.6,0.8500000000000001,69.53333115881998,230105.47220087377,0.2253997495126263
20.7,0.8500000000000001,69.6612654968628,229682.8787975516,0.2249857982652116
20.8,0.8500000000000001,69.77628967083915,229304.25328543526,0.22461491575305817
20.9,0.8500000000000001,69.90344694052794,228887.1393368111,0.22420633190392641
21,0.8500000000000001,70.03014760409212,228473.02979360078,0.22380069101925892
21.1,0.8500000000000001,70.1674991173035,228025.79828663656,0.2233626055244651
21.2,0.8500000000000001,70.29321158444453,227617.99666499667,0.22296314356256863
21.3,0.8500000000000001,70.43749508191794,227151.7461174932,0.22250642797205167
21.4,0.8500000000000001,70.56777029003585,226732.4011264558,0.22209565870596185
21.5,0.8500000000000001,70.69853524734589,226313.03384182433,0.22168486760218833
21.6,0.8500000000000001,70.82253659300889,225916.78821031397,0.22129672530711966
21.7,0.8500000000000001,70.95521864364294,225494.33721508915,0.22088291355551598
21.8,0.8500000000000001,71.09186727184462,225060.9051921284,0.2204583453413328
21.9,0.8500000000000001,71.23564875255306,224606.64400738775,0.22001337392768266
22,0.8500000000000001,71.37341919031658,224173.09106820487,0.21958868727004865
22.1,0.8500000000000001,71.50926697969042,223747.224321908,0.21917152962045885
22.2,0.8500000000000001,71.64379148838474,223327.0974023479,0.21875999441650815
22.3,0.8500000000000001,71.79623224663897,222852.91998382015,0.21829551406174547
22.4,0.8500000000000001,71.9266675319419,222448.78775865101,0.21789964645611293
22.5,0.8500000000000001,72.06667805561055,222016.6161627921,0.21747631289293703
22.6,0.8500000000000001,72.20895430245704,221579.1677716564,0.2170478104464562
22.7,0.8500000000000001,72.33043986531756,221207.00537412326,0.21668325887634513
22.8,0.8500000000000001,72.47249659520593,220773.40717772933,0.21625852788702296
22.9,0.8500000000000001,72.61791137690791,220331.31629131254,0.2158254778856168
23,0.8500000000000001,72.76338165201832,219890.82470792765,0.2153939944810383
23.1,0.8500000000000001,72.90802785684104,219454.5713322117,0.2149666626115703
23.2,0.8500000000000001,73.06193173560477,218992.293522987,0.21451383851569858
23.3,0.8500000000000001,73.21453714778701,218535.83486710078,0.21406671456981605
23.4,0.8500000000000001,73.37644922020448,218053.61488648242,0.21359435612565666
23.5,0.8500000000000001,73.52505467619571,217612.89495756227,0.2131626490452744
23.6,0.8500000000000001,73.67319961510061,217175.31047369522,0.21273401328919753
23.7,0.8500000000000001,73.82173241350992,216738.34353245117,0.21230598244682047
23.8,0.8500000000000001,73.970559970641,216302.2695292616,0.21187882628165944
23.9,0.8500000000000001,74.12018622558222,215865.6206192542,0.21145110696668934
24,0.8500000000000001,74.26324999388068,215449.76824093217,0.21104375888838642
24.1,0.8500000000000001,74.41509801160487,215010.13137824312,0.21061311272522118
24.2,0.8500000000000001,74.55830274983146,214597.1596709418,0.21020858640739307
24.3,0.8500000000000001,74.7094371978428,214163.0374972493,0.20978334215625788
24.4,0.8500000000000001,74.86033578445193,213731.34160217203,0.20936047456564666
24.5,0.8500000000000001,75.03441576755502,213235.4844950818,0.2088747578781503
24.6,0.8500000000000001,75.19260112718123,212786.89339310792,0.20843534059245342
24.7,0.8500000000000001,75.34907805783025,212345.0002629101,0.20800248430309498
24.8,0.8500000000000001,75.50441693233316,211908.1326638037,0.20757455077128048
24.9,0.8500000000000001,75.67771832739521,211422.8646638257,0.20709920664062872
25,0.8500000000000001,75.8374600885452,210977.52985554835,0.2066629790564914
25.1,0.8500000000000001,76.00366784969178,210516.15603134193,0.2062110404588859
25.2,0.8500000000000001,76.16167009162238,210079.42683966912,0.2057832425040334
25.3,0.8500000000000001,76.32057241227896,209642.0335210407,0.2053547940038114
25.4,0.8500000000000001,76.46823077463962,209237.21966516762,0.20495825870701767
25.5,0.8500000000000001,76.63337455849543,208786.31656481413,0.204516576703969
25.6,0.8500000000000001,76.80139523727557,208329.54857875287,0.20406914975380192
25.7,0.8500000000000001,76.98140447145741,207842.40180928836,0.20359196527503676
25.8,0.8500000000000001,77.16061856394525,207359.66478470276,0.2031191003606071
25.9,0.8500000000000001,77.32531141899878,206918.01567149992,0.20268648309802634
26,0.8500000000000001,77.49425892238075,206466.90764571098,0.20224460036032593
26.1,0.8500000000000001,77.66264822455514,206019.243043803,0.20180609062750376
26.2,0.8500000000000001,77.8233896187325,205593.71775485753,0.20138926745236488
26.3,0.8500000000000001,77.99800851576875,205133.44256430987,0.20093840502104576
26.4,0.8500000000000001,78.17270125740995,204675.03031927487,0.200489367437471
26.5,0.8500000000000001,78.34013527619659,204237.58452280273,0.2000608675325922
26.6,0.8500000000000001,78.52574615406405,203754.82925827542,0.19958798475123282
26.7,0.8500000000000001,78.70287049724703,203296.26986806875,0.19913880303164722
26.8,0.8500000000000001,78.87835030522983,202843.99886769895,0.1986957811025286
26.9,0.8500000000000001,79.04097645684934,202426.6490272276,0.1982869661856054
27,0.8500000000000001,79.21765718953245,201975.1728042039,0.197844722780409
27.1,0.8500000000000001,79.40988625264981,201486.24755731973,0.19736579619459582
27.2,0.8500000000000001,79.58874539578834,201033.4491445154,0.19692225763877774
27.3,0.8500000000000001,79.77527549903166,200563.39385746417,0.19646181511672445
27.4,0.8500000000000001,79.95600228448993,200110.05481578113,0.19601774698804278
27.5,0.8500000000000001,80.13542842643209,199662.0011171303,0.1955788561156174
27.6,0.8500000000000001,80.32127493700875,199200.02530522403,0.1951263278411326
27.7,0.8500000000000001,80.50479264919682,198745.9314344266,0.19468152031980773
27.8,0.8500000000000001,80.68954380032082,198290.87198205703,0.19423576696332992
27.9,0.8500000000000001,80.8749807678004,197836.21397002233,0.19379040683761736
28,0.8500000000000001,81.06122256376003,197381.67639175366,0.19334516468276586
28.1,0.8500000000000001,81.24745537879217,196929.24443485332,0.19290198508872378
28.200000000000003,0.8500000000000001,81.4386610778427,196466.884256686,0.19244908030837787
28.3,0.8500000000000001,81.62797996218853,196011.22075312253,0.19200273525372577
28.4,0.8500000000000001,81.82089905684165,195549.06123537789,0.19155002703023952
28.5,0.8500000000000001,82.01315414370377,195090.65548149432,0.1911009958050703
28.6,0.8500000000000001,82.17834179156438,194698.50146869724,0.19071686145394254
28.700000000000003,0.8500000000000001,82.37097059791762,194243.1888790259,0.19027086013689312
28.8,0.8500000000000001,82.56619869296756,193783.90011023692,0.18982096395472572
28.9,0.8500000000000001,82.76742927805952,193312.75768210157,0.18935945652393427
29,0.8500000000000001,82.96408599018817,192854.53228391206,0.1889106019661336
29.1,0.8500000000000001,83.15507359226746,192411.59088442958,0.18847671884489706
29.200000000000003,0.8500000000000001,83.353661601503,191953.1750925684,0.18802767778702972
29.3,0.8500000000000001,83.55334924200392,191494.41817894817,0.18757830258344083
29.4,0.8500000000000001,83.75947105156222,191023.17384681694,0.18711669533261935
29.5,0.8500000000000001,83.96405837553114,190557.72564541415,0.18666076567999593
29.6,0.8500000000000001,84.16386814949591,190105.33084791244,0.18621762248543217
29.700000000000003,0.8500000000000001,84.36428800030383,189653.7075017142,0.18577523496577217
29.8,0.8500000000000001,84.56937553992192,189193.7820026473,0.18532471507464304
29.9,0.8500000000000001,84.77640640383522,188731.75543421207,0.18487213708161485
30,0.8500000000000001,84.9871645524061,188263.72293117078,0.18441367597706024
30.1,0.8500000000000001,85.1992024231241,187795.18522414484,0.1839547200000869
30.200000000000003,0.8500000000000001,85.42602940447962,187296.54312086033,0.18346627527036458
30.3,0.8500000000000001,85.6328442439302,186844.19677131195,0.18302317953297964
30.4,0.8500000000000001,85.84527740490698,186381.83116972988,0.18257026944012938
30.5,0.8500000000000001,86.04469415162227,185949.8735832085,0.18214714550973887
30.6,0.8500000000000001,86.25987660948043,185486.0061119252,0.1816927642608521
30.700000000000003,0.8500000000000001,86.47351570144947,185027.74948158846,0.18124387910961054
30.8,0.8500000000000001,86.70531503216957,184533.09343335702,0.18075933891897594
30.9,0.8500000000000001,86.92403308300437,184068.7716908106,0.18030451268880326
31,0.8500000000000001,87.14301320264319,183606.22856583406,0.1798514287029627
31.1,0.8500000000000001,87.36214194192388,183145.69268043348,0.17940031090807493
31.200000000000003,0.8500000000000001,87.5809094109983,182688.2149044086,0.1789521886833519
31.3,0.8500000000000001,87.78571742889197,182261.99510142743,0.17853468519718788
31.4,0.8500000000000001,88.0111665825386,181795.11329388965,0.1780773512560848
31.5,0.8500000000000001,88.23916632667425,181325.3758627509,0.17761722008969968
31.6,0.8500000000000001,88.45951736466944,180873.6976716806,0.17717477884676094
31.700000000000003,0.8500000000000001,88.6851699747552,180413.47842660168,0.17672397121680974
31.8,0.8500000000000001,88.91608365773374,179944.94743593392,0.17626502181884313
31.9,0.8500000000000001,89.14571365309591,179481.4281510252,0.17581098163582004
